node_id,snapshot_date,disruption_prob,severity_pred,risk_tier,country,sector,commodity,static_risk_score,lat,lon,insight_text
TN_AGR_SER,2026-06-08,0.6993,4.0,High,Serbia,Agri,Agri,0.3347,,,
TN_AGR_QAT,2026-06-08,0.6993,4.0,High,Qatar,Agri,Agri,0.2662,,,
TN_AGR_AZE,2026-06-08,0.6993,4.0,High,Azerbaijan,Agri,Agri,0.3467,,,
TN_AGR_IRA,2026-06-08,0.6993,4.0,High,Iraq,Agri,Agri,0.3936,,,
TN_AGR_KUW,2026-06-08,0.6993,4.0,High,Kuwait,Agri,Agri,0.293,,,
TN_AGR_CHI,2026-06-08,0.6677,4.0,High,China,Agri,Agri,0.3288,,,
TN_AGR_HON,2026-06-08,0.6677,4.0,High,Hong Kong,Agri,Agri,0.3149,,,
TN_AGR_IND,2026-06-08,0.6677,4.0,High,Indonesia,Agri,Agri,0.3802,,,
TN_AGR_UKR,2026-06-08,0.6677,4.0,High,Ukraine,Agri,Agri,0.446,,,
TN_AGR_HUN,2026-06-08,0.6677,4.0,High,Hungary,Agri,Agri,0.287,,,
TN_AGR_BAH,2026-06-08,0.6677,4.0,High,Bahrain,Agri,Agri,0.3277,,,
TN_AGR_IRE,2026-06-08,0.6677,4.0,High,Ireland,Agri,Agri,0.2137,,,
TN_AGR_SWI,2026-06-08,0.6677,4.0,High,Switzerland,Agri,Agri,0.2102,,,
TN_AGR_ROM,2026-06-08,0.6677,4.0,High,Romania,Agri,Agri,0.2981,,,
TN_AGR_JOR,2026-06-08,0.6677,4.0,High,Jordan,Agri,Agri,0.3542,,,
TN_AGR_AUS,2026-06-08,0.6677,4.0,High,Austria,Agri,Agri,0.2259,,,
TN_AGR_TUR,2026-06-08,0.6677,4.0,High,Turkey,Agri,Agri,0.3684,,,
TN_AGR_SPA,2026-06-08,0.6677,4.0,High,Spain,Agri,Agri,0.274,,,
TN_AGR_GER,2026-06-08,0.6677,4.0,High,Germany,Agri,Agri,0.2267,,,
TN_AGR_BUL,2026-06-08,0.6677,4.0,High,Bulgaria,Agri,Agri,0.2946,,,
TN_AGR_FRA,2026-06-08,0.6677,4.0,High,France,Agri,Agri,0.2371,,,
TN_AGR_POL,2026-06-08,0.6677,4.0,High,Poland,Agri,Agri,0.278,,,
TN_AGR_SAU,2026-06-08,0.6677,4.0,High,Saudi Arabia,Agri,Agri,0.3284,,,
TN_AGR_BAN,2026-06-08,0.6677,4.0,High,Bangladesh,Agri,Agri,0.3796,,,
TN_AGR_ITA,2026-06-08,0.6677,4.0,High,Italy,Agri,Agri,0.2716,,,
TN_AGR_PHI,2026-06-08,0.6677,4.0,High,Philippines,Agri,Agri,0.3596,,,
TN_AGR_AFG,2026-06-08,0.6677,4.0,High,Afghanistan,Agri,Agri,0.4315,,,
TN_AGR_PAK,2026-06-08,0.6677,4.0,High,Pakistan,Agri,Agri,0.3898,,,
TN_AGR_SRI,2026-06-08,0.6677,4.0,High,Sri Lanka,Agri,Agri,0.3908,,,
TN_AGR_NOR,2026-06-08,0.6677,4.0,High,Norfolk Island,Agri,Agri,0.3502,,,
TN_AGR_GRE,2026-06-08,0.6677,4.0,High,Greece,Agri,Agri,0.3027,,,
TN_AGR_DEN,2026-06-08,0.6677,4.0,High,Denmark,Agri,Agri,0.2097,,,
TN_AGR_SWE,2026-06-08,0.6677,4.0,High,Sweden,Agri,Agri,0.2164,,,
TN_AGR_YEM,2026-06-08,0.6677,4.0,High,Yemen,Agri,Agri,0.4372,,,
TN_AGR_ISR,2026-06-08,0.6677,4.0,High,Israel,Agri,Agri,0.2752,,,
TN_AGR_JAP,2026-06-08,0.6677,4.0,High,Japan,Agri,Agri,0.2412,,,
TN_AGR_LEB,2026-06-08,0.6677,4.0,High,Lebanon,Agri,Agri,0.3944,,,
TN_AGR_POR,2026-06-08,0.6677,4.0,High,Portugal,Agri,Agri,0.2292,,,
TN_AGR_NEW,2026-06-08,0.6677,4.0,High,New Zealand,Agri,Agri,0.2067,,,
TN_AGR_THA,2026-06-08,0.6677,4.0,High,Thailand,Agri,Agri,0.3375,,,
TN_AGR_NEP,2026-06-08,0.6677,4.0,High,Nepal,Agri,Agri,0.3669,,,
TN_TEX_YEM,2026-06-08,0.3007,4.0,Medium,Yemen,Textiles,Textiles,0.4241,,,
TN_AGR_MAL,2026-06-08,0.3007,4.0,Medium,Malaysia,Agri,Agri,0.3336,,,
TN_AGR_RUS,2026-06-08,0.3007,4.0,Medium,Russian Federation,Agri,Agri,0.3534,,,
TN_TEX_ICE,2026-06-08,0.3007,4.0,Medium,Iceland,Textiles,Textiles,0.1911,,,
TN_AGR_KIN,2026-06-08,0.3007,4.0,Medium,Kingdom of the Netherlands,Agri,Agri,0.3513,,,
TN_AGR_PAP,2026-06-08,0.3007,4.0,Medium,Papua New Guinea,Agri,Agri,0.3609,,,
TN_AGR_UNI,2026-06-08,0.3007,4.0,Medium,United Kingdom of Great Britain and Northern Ireland,Agri,Agri,0.3502,,,
TN_AGR_MYA,2026-06-08,0.3007,4.0,Medium,Myanmar,Agri,Agri,0.4161,,,
TN_AGR_BEL,2026-06-08,0.3007,4.0,Medium,Belarus,Agri,Agri,0.3397,,,
TN_AGR_CAM,2026-06-08,0.3007,4.0,Medium,Cambodia,Agri,Agri,0.3657,,,
TN_AGR_EST,2026-06-08,0.3007,4.0,Medium,Estonia,Agri,Agri,0.2615,,,
TN_AGR_FIN,2026-06-08,0.3007,4.0,Medium,Finland,Agri,Agri,0.205,,,
TN_AGR_LAT,2026-06-08,0.3007,4.0,Medium,Latvia,Agri,Agri,0.2732,,,
TN_AGR_LIT,2026-06-08,0.3007,4.0,Medium,Lithuania,Agri,Agri,0.2635,,,
TN_AGR_REP,2026-06-08,0.3007,4.0,Medium,Republic of Moldova,Agri,Agri,0.3502,,,
TN_AGR_TAI,2026-06-08,0.3007,4.0,Medium,"Taiwan, Province of China",Agri,Agri,0.3502,,,
TN_AGR_ALB,2026-06-08,0.3007,4.0,Medium,Albania,Agri,Agri,0.3069,,,
TN_AGR_ARM,2026-06-08,0.3007,4.0,Medium,Armenia,Agri,Agri,0.3337,,,
TN_AGR_BHU,2026-06-08,0.3007,4.0,Medium,Bhutan,Agri,Agri,0.3309,,,
TN_AGR_BOS,2026-06-08,0.3007,4.0,Medium,Bosnia and Herzegovina,Agri,Agri,0.3457,,,
TN_AGR_CRO,2026-06-08,0.3007,4.0,Medium,Croatia,Agri,Agri,0.2867,,,
TN_AGR_CYP,2026-06-08,0.3007,4.0,Medium,Cyprus,Agri,Agri,0.3074,,,
TN_AGR_CZE,2026-06-08,0.3007,4.0,Medium,Czechia,Agri,Agri,0.3502,,,
TN_AGR_DEM,2026-06-08,0.3007,4.0,Medium,Democratic People's Republic of Korea,Agri,Agri,0.3502,,,
TN_AGR_FIJ,2026-06-08,0.3007,4.0,Medium,Fiji,Agri,Agri,0.3404,,,
TN_AGR_GEO,2026-06-08,0.3007,4.0,Medium,Georgia,Agri,Agri,0.3447,,,
TN_AGR_GIB,2026-06-08,0.3007,4.0,Medium,Gibraltar,Agri,Agri,0.3502,,,
TN_AGR_ICE,2026-06-08,0.3007,4.0,Medium,Iceland,Agri,Agri,0.2042,,,
TN_AGR_ISL,2026-06-08,0.3007,4.0,Medium,Islamic Republic of Iran,Agri,Agri,0.3502,,,
TN_AGR_KAZ,2026-06-08,0.3007,4.0,Medium,Kazakhstan,Agri,Agri,0.3164,,,
TN_AGR_KYR,2026-06-08,0.3007,4.0,Medium,Kyrgyzstan,Agri,Agri,0.3502,,,
TN_AGR_LAO,2026-06-08,0.3007,4.0,Medium,Lao People's Democratic Republic,Agri,Agri,0.3502,,,
TN_AGR_LUX,2026-06-08,0.3007,4.0,Medium,Luxembourg,Agri,Agri,0.2137,,,
TN_AGR_MON,2026-06-08,0.3007,4.0,Medium,Montenegro,Agri,Agri,0.3099,,,
TN_AGR_NET,2026-06-08,0.3007,4.0,Medium,Netherlands Antilles,Agri,Agri,0.3502,,,
TN_AGR_OMA,2026-06-08,0.3007,4.0,Medium,Oman,Agri,Agri,0.2867,,,
TN_AGR_PIT,2026-06-08,0.3007,4.0,Medium,Pitcairn,Agri,Agri,0.3502,,,
TN_AGR_SLO,2026-06-08,0.3007,4.0,Medium,Slovakia,Agri,Agri,0.3502,,,
TN_AGR_SOL,2026-06-08,0.3007,4.0,Medium,Solomon Islands,Agri,Agri,0.3639,,,
TN_AGR_SYR,2026-06-08,0.3007,4.0,Medium,Syrian Arab Republic,Agri,Agri,0.3502,,,
TN_AGR_TÜR,2026-06-08,0.3007,4.0,Medium,Türkiye,Agri,Agri,0.3502,,,
TN_AGR_UZB,2026-06-08,0.3007,4.0,Medium,Uzbekistan,Agri,Agri,0.3319,,,
TN_AGR_VAN,2026-06-08,0.3007,4.0,Medium,Vanuatu,Agri,Agri,0.3502,,,
TN_AUT_CHI,2026-06-08,0.3007,4.0,Medium,China,Automotive,Automotive,0.3996,,,
TN_AUT_GER,2026-06-08,0.3007,4.0,Medium,Germany,Automotive,Automotive,0.2097,,,
TN_AUT_REP,2026-06-08,0.3007,4.0,Medium,Republic of Korea,Automotive,Automotive,0.3325,,,
TN_AUT_JAP,2026-06-08,0.3007,4.0,Medium,Japan,Automotive,Automotive,0.2221,,,
TN_AUT_THA,2026-06-08,0.3007,4.0,Medium,Thailand,Automotive,Automotive,0.3133,,,
TN_AUT_IND,2026-06-08,0.3007,4.0,Medium,Indonesia,Automotive,Automotive,0.3053,,,
TN_AUT_SIN,2026-06-08,0.3007,4.0,Medium,Singapore,Automotive,Automotive,0.2047,,,
TN_AUT_UNI,2026-06-08,0.3007,4.0,Medium,United Kingdom of Great Britain and Northern Ireland,Automotive,Automotive,0.3255,,,
TN_AUT_SWE,2026-06-08,0.3007,4.0,Medium,Sweden,Automotive,Automotive,0.1917,,,
TN_AUT_ITA,2026-06-08,0.3007,4.0,Medium,Italy,Automotive,Automotive,0.2466,,,
TN_AUT_CZE,2026-06-08,0.3007,4.0,Medium,Czechia,Automotive,Automotive,0.3252,,,
TN_AUT_BEL,2026-06-08,0.3007,4.0,Medium,Belarus,Automotive,Automotive,0.3135,,,
TN_AUT_VIE,2026-06-08,0.3007,4.0,Medium,Viet Nam,Automotive,Automotive,0.3246,,,
TN_AUT_SPA,2026-06-08,0.3007,4.0,Medium,Spain,Automotive,Automotive,0.2481,,,
TN_AUT_FRA,2026-06-08,0.3007,4.0,Medium,France,Automotive,Automotive,0.2113,,,
TN_AUT_MAL,2026-06-08,0.3007,4.0,Medium,Maldives,Automotive,Automotive,0.296,,,
TN_AUT_HON,2026-06-08,0.3007,4.0,Medium,Hong Kong,Automotive,Automotive,0.2891,,,
TN_AUT_KIN,2026-06-08,0.3007,4.0,Medium,Kingdom of the Netherlands,Automotive,Automotive,0.3243,,,
TN_AUT_TUR,2026-06-08,0.3007,4.0,Medium,Turkey,Automotive,Automotive,0.342,,,
TN_AUT_PHI,2026-06-08,0.3007,4.0,Medium,Philippines,Automotive,Automotive,0.3335,,,
TN_AUT_TAI,2026-06-08,0.3007,4.0,Medium,"Taiwan, Province of China",Automotive,Automotive,0.3242,,,
TN_AUT_AUS,2026-06-08,0.3007,4.0,Medium,Austria,Automotive,Automotive,0.1999,,,
TN_AUT_BAN,2026-06-08,0.3007,4.0,Medium,Bangladesh,Automotive,Automotive,0.3519,,,
TN_AUT_FIN,2026-06-08,0.3007,4.0,Medium,Finland,Automotive,Automotive,0.1789,,,
TN_AUT_POL,2026-06-08,0.3007,4.0,Medium,Poland,Automotive,Automotive,0.2519,,,
TN_AUT_ROM,2026-06-08,0.3007,4.0,Medium,Romania,Automotive,Automotive,0.2714,,,
TN_AUT_HUN,2026-06-08,0.3007,4.0,Medium,Hungary,Automotive,Automotive,0.2609,,,
TN_AUT_SRI,2026-06-08,0.3007,4.0,Medium,Sri Lanka,Automotive,Automotive,0.3646,,,
TN_AUT_SLO,2026-06-08,0.3007,4.0,Medium,Slovakia,Automotive,Automotive,0.324,,,
TN_AUT_MYA,2026-06-08,0.3007,4.0,Medium,Myanmar,Automotive,Automotive,0.3893,,,
TN_AUT_SWI,2026-06-08,0.3007,4.0,Medium,Switzerland,Automotive,Automotive,0.1833,,,
TN_AUT_AFG,2026-06-08,0.3007,4.0,Medium,Afghanistan,Automotive,Automotive,0.4052,,,
TN_AUT_ALB,2026-06-08,0.3007,4.0,Medium,Albania,Automotive,Automotive,0.2808,,,
TN_AUT_ARM,2026-06-08,0.3007,4.0,Medium,Armenia,Automotive,Automotive,0.3075,,,
TN_AUT_AZE,2026-06-08,0.3007,4.0,Medium,Azerbaijan,Automotive,Automotive,0.3205,,,
TN_AUT_BAH,2026-06-08,0.3007,4.0,Medium,Bahrain,Automotive,Automotive,0.3015,,,
TN_AUT_BHU,2026-06-08,0.3007,4.0,Medium,Bhutan,Automotive,Automotive,0.3047,,,
TN_AUT_BOS,2026-06-08,0.3007,4.0,Medium,Bosnia and Herzegovina,Automotive,Automotive,0.3195,,,
TN_AUT_BRU,2026-06-08,0.3007,4.0,Medium,Brunei Darussalam,Automotive,Automotive,0.2755,,,
TN_AUT_BUL,2026-06-08,0.3007,4.0,Medium,Bulgaria,Automotive,Automotive,0.2683,,,
TN_AUT_CAM,2026-06-08,0.3007,4.0,Medium,Cambodia,Automotive,Automotive,0.3395,,,
TN_AUT_CRO,2026-06-08,0.3007,4.0,Medium,Croatia,Automotive,Automotive,0.2605,,,
TN_AUT_CYP,2026-06-08,0.3007,4.0,Medium,Cyprus,Automotive,Automotive,0.2813,,,
TN_AUT_DEM,2026-06-08,0.3007,4.0,Medium,Democratic People's Republic of Korea,Automotive,Automotive,0.324,,,
TN_AUT_DEN,2026-06-08,0.3007,4.0,Medium,Denmark,Automotive,Automotive,0.1835,,,
TN_AUT_EST,2026-06-08,0.3007,4.0,Medium,Estonia,Automotive,Automotive,0.2353,,,
TN_AUT_FIJ,2026-06-08,0.3007,4.0,Medium,Fiji,Automotive,Automotive,0.3143,,,
TN_AUT_GEO,2026-06-08,0.3007,4.0,Medium,Georgia,Automotive,Automotive,0.3185,,,
TN_AUT_GRE,2026-06-08,0.3007,4.0,Medium,Greece,Automotive,Automotive,0.2765,,,
TN_AUT_HOL,2026-06-08,0.3007,4.0,Medium,Holy See(Vatican City),Automotive,Automotive,0.324,,,
TN_AUT_ICE,2026-06-08,0.3007,4.0,Medium,Iceland,Automotive,Automotive,0.178,,,
TN_AUT_IRA,2026-06-08,0.3007,4.0,Medium,Iraq,Automotive,Automotive,0.3673,,,
TN_AUT_IRE,2026-06-08,0.3007,4.0,Medium,Ireland,Automotive,Automotive,0.1875,,,
TN_AUT_ISL,2026-06-08,0.3007,4.0,Medium,Islamic Republic of Iran,Automotive,Automotive,0.324,,,
TN_AUT_ISR,2026-06-08,0.3007,4.0,Medium,Israel,Automotive,Automotive,0.249,,,
TN_AUT_JOR,2026-06-08,0.3007,4.0,Medium,Jordan,Automotive,Automotive,0.328,,,
TN_AUT_KAZ,2026-06-08,0.3007,4.0,Medium,Kazakhstan,Automotive,Automotive,0.2903,,,
TN_AUT_KUW,2026-06-08,0.3007,4.0,Medium,Kuwait,Automotive,Automotive,0.2668,,,
TN_AUT_LAT,2026-06-08,0.3007,4.0,Medium,Latvia,Automotive,Automotive,0.247,,,
TN_AUT_LEB,2026-06-08,0.3007,4.0,Medium,Lebanon,Automotive,Automotive,0.3683,,,
TN_AUT_LIE,2026-06-08,0.3007,4.0,Medium,Liechtenstein,Automotive,Automotive,0.324,,,
TN_AUT_LIT,2026-06-08,0.3007,4.0,Medium,Lithuania,Automotive,Automotive,0.2372,,,
TN_AUT_LUX,2026-06-08,0.3007,4.0,Medium,Luxembourg,Automotive,Automotive,0.1875,,,
TN_AUT_MAR,2026-06-08,0.3007,4.0,Medium,Marshall Islands,Automotive,Automotive,0.324,,,
TN_AUT_MON,2026-06-08,0.3007,4.0,Medium,Monaco,Automotive,Automotive,0.324,,,
TN_AUT_NEP,2026-06-08,0.3007,4.0,Medium,Nepal,Automotive,Automotive,0.3392,,,
TN_AUT_NET,2026-06-08,0.3007,4.0,Medium,Netherlands Antilles,Automotive,Automotive,0.324,,,
TN_AUT_NEW,2026-06-08,0.3007,4.0,Medium,New Zealand,Automotive,Automotive,0.1805,,,
TN_AUT_NOR,2026-06-08,0.3007,4.0,Medium,North Macedonia,Automotive,Automotive,0.324,,,
TN_AUT_OMA,2026-06-08,0.3007,4.0,Medium,Oman,Automotive,Automotive,0.2605,,,
TN_AUT_PAK,2026-06-08,0.3007,4.0,Medium,Pakistan,Automotive,Automotive,0.3635,,,
TN_AUT_PAP,2026-06-08,0.3007,4.0,Medium,Papua New Guinea,Automotive,Automotive,0.334,,,
TN_AUT_POR,2026-06-08,0.3007,4.0,Medium,Portugal,Automotive,Automotive,0.203,,,
TN_AUT_QAT,2026-06-08,0.3007,4.0,Medium,Qatar,Automotive,Automotive,0.24,,,
TN_AUT_RUS,2026-06-08,0.3007,4.0,Medium,Russian Federation,Automotive,Automotive,0.324,,,
TN_AUT_SAN,2026-06-08,0.3007,4.0,Medium,San Marino,Automotive,Automotive,0.324,,,
TN_AUT_SAU,2026-06-08,0.3007,4.0,Medium,Saudi Arabia,Automotive,Automotive,0.302,,,
TN_AUT_SER,2026-06-08,0.3007,4.0,Medium,Serbia,Automotive,Automotive,0.3085,,,
TN_AUT_SYR,2026-06-08,0.3007,4.0,Medium,Syrian Arab Republic,Automotive,Automotive,0.324,,,
TN_AUT_TÜR,2026-06-08,0.3007,4.0,Medium,Türkiye,Automotive,Automotive,0.324,,,
TN_AUT_UKR,2026-06-08,0.3007,4.0,Medium,Ukraine,Automotive,Automotive,0.3785,,,
TN_AUT_UZB,2026-06-08,0.3007,4.0,Medium,Uzbekistan,Automotive,Automotive,0.3058,,,
TN_CHE_CHI,2026-06-08,0.3007,4.0,Medium,China,Chemicals,Chemicals,0.4232,,,
TN_CHE_SAU,2026-06-08,0.3007,4.0,Medium,Saudi Arabia,Chemicals,Chemicals,0.3254,,,
TN_CHE_REP,2026-06-08,0.3007,4.0,Medium,Republic of Korea,Chemicals,Chemicals,0.3397,,,
TN_CHE_IND,2026-06-08,0.3007,4.0,Medium,Indonesia,Chemicals,Chemicals,0.3184,,,
TN_CHE_MAL,2026-06-08,0.3007,4.0,Medium,Maldives,Chemicals,Chemicals,0.3074,,,
TN_CHE_JAP,2026-06-08,0.3007,4.0,Medium,Japan,Chemicals,Chemicals,0.2303,,,
TN_CHE_SIN,2026-06-08,0.3007,4.0,Medium,Singapore,Chemicals,Chemicals,0.2175,,,
TN_CHE_THA,2026-06-08,0.3007,4.0,Medium,Thailand,Chemicals,Chemicals,0.3228,,,
TN_CHE_GER,2026-06-08,0.3007,4.0,Medium,Germany,Chemicals,Chemicals,0.2138,,,
TN_CHE_UNI,2026-06-08,0.3007,4.0,Medium,United Kingdom of Great Britain and Northern Ireland,Chemicals,Chemicals,0.336,,,
TN_CHE_TAI,2026-06-08,0.3007,4.0,Medium,"Taiwan, Province of China",Chemicals,Chemicals,0.3374,,,
TN_CHE_BEL,2026-06-08,0.3007,4.0,Medium,Belarus,Chemicals,Chemicals,0.3249,,,
TN_CHE_QAT,2026-06-08,0.3007,4.0,Medium,Qatar,Chemicals,Chemicals,0.2525,,,
TN_CHE_KIN,2026-06-08,0.3007,4.0,Medium,Kingdom of the Netherlands,Chemicals,Chemicals,0.3364,,,
TN_CHE_VIE,2026-06-08,0.3007,4.0,Medium,Viet Nam,Chemicals,Chemicals,0.3364,,,
TN_CHE_KUW,2026-06-08,0.3007,4.0,Medium,Kuwait,Chemicals,Chemicals,0.2791,,,
TN_CHE_ITA,2026-06-08,0.3007,4.0,Medium,Italy,Chemicals,Chemicals,0.2575,,,
TN_CHE_FRA,2026-06-08,0.3007,4.0,Medium,France,Chemicals,Chemicals,0.2229,,,
TN_CHE_UKR,2026-06-08,0.3007,4.0,Medium,Ukraine,Chemicals,Chemicals,0.3906,,,
TN_CHE_JOR,2026-06-08,0.3007,4.0,Medium,Jordan,Chemicals,Chemicals,0.34,,,
TN_CHE_HON,2026-06-08,0.3007,4.0,Medium,Hong Kong,Chemicals,Chemicals,0.3007,,,
TN_CHE_ISL,2026-06-08,0.3007,4.0,Medium,Islamic Republic of Iran,Chemicals,Chemicals,0.336,,,
TN_CHE_OMA,2026-06-08,0.3007,4.0,Medium,Oman,Chemicals,Chemicals,0.2724,,,
TN_CHE_AUS,2026-06-08,0.3007,4.0,Medium,Austria,Chemicals,Chemicals,0.2112,,,
TN_CHE_SPA,2026-06-08,0.3007,4.0,Medium,Spain,Chemicals,Chemicals,0.2594,,,
TN_CHE_RUS,2026-06-08,0.3007,4.0,Medium,Russian Federation,Chemicals,Chemicals,0.3358,,,
TN_CHE_BAN,2026-06-08,0.3007,4.0,Medium,Bangladesh,Chemicals,Chemicals,0.3635,,,
TN_CHE_SWI,2026-06-08,0.3007,4.0,Medium,Switzerland,Chemicals,Chemicals,0.195,,,
TN_CHE_TUR,2026-06-08,0.3007,4.0,Medium,Turkey,Chemicals,Chemicals,0.3534,,,
TN_CHE_ISR,2026-06-08,0.3007,4.0,Medium,Israel,Chemicals,Chemicals,0.2606,,,
TN_CHE_SWE,2026-06-08,0.3007,4.0,Medium,Sweden,Chemicals,Chemicals,0.2018,,,
TN_CHE_BAH,2026-06-08,0.3007,4.0,Medium,Bahrain,Chemicals,Chemicals,0.313,,,
TN_CHE_DEN,2026-06-08,0.3007,4.0,Medium,Denmark,Chemicals,Chemicals,0.195,,,
TN_CHE_IRE,2026-06-08,0.3007,4.0,Medium,Ireland,Chemicals,Chemicals,0.199,,,
TN_CHE_POL,2026-06-08,0.3007,4.0,Medium,Poland,Chemicals,Chemicals,0.2633,,,
TN_CHE_CZE,2026-06-08,0.3007,4.0,Medium,Czechia,Chemicals,Chemicals,0.3355,,,
TN_CHE_FIN,2026-06-08,0.3007,4.0,Medium,Finland,Chemicals,Chemicals,0.1902,,,
TN_CHE_HUN,2026-06-08,0.3007,4.0,Medium,Hungary,Chemicals,Chemicals,0.2722,,,
TN_CHE_MYA,2026-06-08,0.3007,4.0,Medium,Myanmar,Chemicals,Chemicals,0.4007,,,
TN_CHE_NEP,2026-06-08,0.3007,4.0,Medium,Nepal,Chemicals,Chemicals,0.3507,,,
TN_CHE_NOR,2026-06-08,0.3007,4.0,Medium,North Macedonia,Chemicals,Chemicals,0.3354,,,
TN_CHE_PHI,2026-06-08,0.3007,4.0,Medium,Philippines,Chemicals,Chemicals,0.3447,,,
TN_CHE_ROM,2026-06-08,0.3007,4.0,Medium,Romania,Chemicals,Chemicals,0.2827,,,
TN_CHE_SLO,2026-06-08,0.3007,4.0,Medium,Slovakia,Chemicals,Chemicals,0.3354,,,
TN_CHE_BUL,2026-06-08,0.3007,4.0,Medium,Bulgaria,Chemicals,Chemicals,0.2797,,,
TN_CHE_LAT,2026-06-08,0.3007,4.0,Medium,Latvia,Chemicals,Chemicals,0.2584,,,
TN_CHE_LIT,2026-06-08,0.3007,4.0,Medium,Lithuania,Chemicals,Chemicals,0.2487,,,
TN_CHE_PAK,2026-06-08,0.3007,4.0,Medium,Pakistan,Chemicals,Chemicals,0.3749,,,
TN_CHE_POR,2026-06-08,0.3007,4.0,Medium,Portugal,Chemicals,Chemicals,0.2144,,,
TN_CHE_SRI,2026-06-08,0.3007,4.0,Medium,Sri Lanka,Chemicals,Chemicals,0.3759,,,
TN_CHE_AFG,2026-06-08,0.3007,4.0,Medium,Afghanistan,Chemicals,Chemicals,0.4166,,,
TN_CHE_ALB,2026-06-08,0.3007,4.0,Medium,Albania,Chemicals,Chemicals,0.2921,,,
TN_CHE_AME,2026-06-08,0.3007,4.0,Medium,American Samoa,Chemicals,Chemicals,0.3354,,,
TN_CHE_AND,2026-06-08,0.3007,4.0,Medium,Andorra,Chemicals,Chemicals,0.3354,,,
TN_CHE_ARM,2026-06-08,0.3007,4.0,Medium,Armenia,Chemicals,Chemicals,0.3189,,,
TN_CHE_AZE,2026-06-08,0.3007,4.0,Medium,Azerbaijan,Chemicals,Chemicals,0.3319,,,
TN_CHE_BHU,2026-06-08,0.3007,4.0,Medium,Bhutan,Chemicals,Chemicals,0.3161,,,
TN_CHE_BOS,2026-06-08,0.3007,4.0,Medium,Bosnia and Herzegovina,Chemicals,Chemicals,0.3309,,,
TN_CHE_BRU,2026-06-08,0.3007,4.0,Medium,Brunei Darussalam,Chemicals,Chemicals,0.2869,,,
TN_CHE_CAM,2026-06-08,0.3007,4.0,Medium,Cambodia,Chemicals,Chemicals,0.3509,,,
TN_CHE_CHR,2026-06-08,0.3007,4.0,Medium,Christmas Island,Chemicals,Chemicals,0.3354,,,
TN_CHE_CRO,2026-06-08,0.3007,4.0,Medium,Croatia,Chemicals,Chemicals,0.2719,,,
TN_CHE_CYP,2026-06-08,0.3007,4.0,Medium,Cyprus,Chemicals,Chemicals,0.2926,,,
TN_CHE_DEM,2026-06-08,0.3007,4.0,Medium,Democratic People's Republic of Korea,Chemicals,Chemicals,0.3354,,,
TN_CHE_EST,2026-06-08,0.3007,4.0,Medium,Estonia,Chemicals,Chemicals,0.2467,,,
TN_CHE_FAR,2026-06-08,0.3007,4.0,Medium,Faroe Islands,Chemicals,Chemicals,0.3354,,,
TN_CHE_FIJ,2026-06-08,0.3007,4.0,Medium,Fiji,Chemicals,Chemicals,0.3256,,,
TN_CHE_FRE,2026-06-08,0.3007,4.0,Medium,French Polynesia,Chemicals,Chemicals,0.3354,,,
TN_CHE_GEO,2026-06-08,0.3007,4.0,Medium,Georgia,Chemicals,Chemicals,0.3299,,,
TN_CHE_GIB,2026-06-08,0.3007,4.0,Medium,Gibraltar,Chemicals,Chemicals,0.3354,,,
TN_CHE_GRE,2026-06-08,0.3007,4.0,Medium,Greece,Chemicals,Chemicals,0.2879,,,
TN_CHE_GUA,2026-06-08,0.3007,4.0,Medium,Guam,Chemicals,Chemicals,0.3354,,,
TN_CHE_GUE,2026-06-08,0.3007,4.0,Medium,Guernsey,Chemicals,Chemicals,0.3354,,,
TN_CHE_HOL,2026-06-08,0.3007,4.0,Medium,Holy See(Vatican City),Chemicals,Chemicals,0.3354,,,
TN_CHE_ICE,2026-06-08,0.3007,4.0,Medium,Iceland,Chemicals,Chemicals,0.1894,,,
TN_CHE_IRA,2026-06-08,0.3007,4.0,Medium,Iraq,Chemicals,Chemicals,0.3787,,,
TN_CHE_JER,2026-06-08,0.3007,4.0,Medium,Jersey,Chemicals,Chemicals,0.3354,,,
TN_CHE_KAZ,2026-06-08,0.3007,4.0,Medium,Kazakhstan,Chemicals,Chemicals,0.3016,,,
TN_CHE_KIR,2026-06-08,0.3007,4.0,Medium,Kiribati,Chemicals,Chemicals,0.3354,,,
TN_CHE_KYR,2026-06-08,0.3007,4.0,Medium,Kyrgyzstan,Chemicals,Chemicals,0.3354,,,
TN_CHE_LAO,2026-06-08,0.3007,4.0,Medium,Lao People's Democratic Republic,Chemicals,Chemicals,0.3354,,,
TN_CHE_LEB,2026-06-08,0.3007,4.0,Medium,Lebanon,Chemicals,Chemicals,0.3796,,,
TN_CHE_LIE,2026-06-08,0.3007,4.0,Medium,Liechtenstein,Chemicals,Chemicals,0.3354,,,
TN_CHE_LUX,2026-06-08,0.3007,4.0,Medium,Luxembourg,Chemicals,Chemicals,0.1989,,,
TN_CHE_MAC,2026-06-08,0.3007,4.0,Medium,Macao,Chemicals,Chemicals,0.3354,,,
TN_CHE_MAR,2026-06-08,0.3007,4.0,Medium,Marshall Islands,Chemicals,Chemicals,0.3354,,,
TN_CHE_MON,2026-06-08,0.3007,4.0,Medium,Monaco,Chemicals,Chemicals,0.3354,,,
TN_CHE_NET,2026-06-08,0.3007,4.0,Medium,Netherlands Antilles,Chemicals,Chemicals,0.3354,,,
TN_CHE_NEW,2026-06-08,0.3007,4.0,Medium,New Caledonia,Chemicals,Chemicals,0.3354,,,
TN_CHE_PAL,2026-06-08,0.3007,4.0,Medium,Palau,Chemicals,Chemicals,0.3354,,,
TN_CHE_PAP,2026-06-08,0.3007,4.0,Medium,Papua New Guinea,Chemicals,Chemicals,0.3454,,,
TN_CHE_SAM,2026-06-08,0.3007,4.0,Medium,Samoa,Chemicals,Chemicals,0.3129,,,
TN_CHE_SAN,2026-06-08,0.3007,4.0,Medium,San Marino,Chemicals,Chemicals,0.3354,,,
TN_CHE_SER,2026-06-08,0.3007,4.0,Medium,Serbia,Chemicals,Chemicals,0.3199,,,
TN_CHE_SOL,2026-06-08,0.3007,4.0,Medium,Solomon Islands,Chemicals,Chemicals,0.3491,,,
TN_CHE_STA,2026-06-08,0.3007,4.0,Medium,State of Palestine,Chemicals,Chemicals,0.3354,,,
TN_CHE_SYR,2026-06-08,0.3007,4.0,Medium,Syrian Arab Republic,Chemicals,Chemicals,0.3354,,,
TN_CHE_TAJ,2026-06-08,0.3007,4.0,Medium,Tajikistan,Chemicals,Chemicals,0.3356,,,
TN_CHE_TOK,2026-06-08,0.3007,4.0,Medium,Tokelau,Chemicals,Chemicals,0.3354,,,
TN_CHE_TUV,2026-06-08,0.3007,4.0,Medium,Tuvalu,Chemicals,Chemicals,0.3354,,,
TN_CHE_TÜR,2026-06-08,0.3007,4.0,Medium,Türkiye,Chemicals,Chemicals,0.3354,,,
TN_CHE_UZB,2026-06-08,0.3007,4.0,Medium,Uzbekistan,Chemicals,Chemicals,0.3172,,,
TN_CHE_WAL,2026-06-08,0.3007,4.0,Medium,Wallis and Futuna,Chemicals,Chemicals,0.3354,,,
TN_CHE_YEM,2026-06-08,0.3007,4.0,Medium,Yemen,Chemicals,Chemicals,0.4224,,,
TN_ELE_CHI,2026-06-08,0.3007,4.0,Medium,China,Electronics,Electronics,0.5265,,,
TN_ELE_HON,2026-06-08,0.3007,4.0,Medium,Hong Kong,Electronics,Electronics,0.3499,,,
TN_ELE_REP,2026-06-08,0.3007,4.0,Medium,Republic of Korea,Electronics,Electronics,0.3819,,,
TN_ELE_SIN,2026-06-08,0.3007,4.0,Medium,Singapore,Electronics,Electronics,0.2599,,,
TN_ELE_VIE,2026-06-08,0.3007,4.0,Medium,Viet Nam,Electronics,Electronics,0.3814,,,
TN_ELE_MAL,2026-06-08,0.3007,4.0,Medium,Maldives,Electronics,Electronics,0.3502,,,
TN_ELE_TAI,2026-06-08,0.3007,4.0,Medium,"Taiwan, Province of China",Electronics,Electronics,0.3804,,,
TN_ELE_GER,2026-06-08,0.3007,4.0,Medium,Germany,Electronics,Electronics,0.2562,,,
TN_ELE_IRE,2026-06-08,0.3007,4.0,Medium,Ireland,Electronics,Electronics,0.2433,,,
TN_ELE_JAP,2026-06-08,0.3007,4.0,Medium,Japan,Electronics,Electronics,0.2708,,,
TN_ELE_THA,2026-06-08,0.3007,4.0,Medium,Thailand,Electronics,Electronics,0.364,,,
TN_ELE_FRA,2026-06-08,0.3007,4.0,Medium,France,Electronics,Electronics,0.2655,,,
TN_ELE_IND,2026-06-08,0.3007,4.0,Medium,Indonesia,Electronics,Electronics,0.3575,,,
TN_ELE_UNI,2026-06-08,0.3007,4.0,Medium,United Kingdom of Great Britain and Northern Ireland,Electronics,Electronics,0.3787,,,
TN_ELE_ISR,2026-06-08,0.3007,4.0,Medium,Israel,Electronics,Electronics,0.3036,,,
TN_ELE_FIN,2026-06-08,0.3007,4.0,Medium,Finland,Electronics,Electronics,0.2333,,,
TN_ELE_ITA,2026-06-08,0.3007,4.0,Medium,Italy,Electronics,Electronics,0.2997,,,
TN_ELE_KIN,2026-06-08,0.3007,4.0,Medium,Kingdom of the Netherlands,Electronics,Electronics,0.3785,,,
TN_ELE_PHI,2026-06-08,0.3007,4.0,Medium,Philippines,Electronics,Electronics,0.3876,,,
TN_ELE_SWE,2026-06-08,0.3007,4.0,Medium,Sweden,Electronics,Electronics,0.2446,,,
TN_ELE_BEL,2026-06-08,0.3007,4.0,Medium,Belarus,Electronics,Electronics,0.3677,,,
TN_ELE_SWI,2026-06-08,0.3007,4.0,Medium,Switzerland,Electronics,Electronics,0.2376,,,
TN_ELE_AUS,2026-06-08,0.3007,4.0,Medium,Austria,Electronics,Electronics,0.254,,,
TN_ELE_POL,2026-06-08,0.3007,4.0,Medium,Poland,Electronics,Electronics,0.306,,,
TN_ELE_SPA,2026-06-08,0.3007,4.0,Medium,Spain,Electronics,Electronics,0.3018,,,
TN_ELE_CZE,2026-06-08,0.3007,4.0,Medium,Czechia,Electronics,Electronics,0.3782,,,
TN_ELE_CAM,2026-06-08,0.3007,4.0,Medium,Cambodia,Electronics,Electronics,0.3937,,,
TN_ELE_DEN,2026-06-08,0.3007,4.0,Medium,Denmark,Electronics,Electronics,0.2377,,,
TN_ELE_HUN,2026-06-08,0.3007,4.0,Medium,Hungary,Electronics,Electronics,0.315,,,
TN_ELE_IRA,2026-06-08,0.3007,4.0,Medium,Iraq,Electronics,Electronics,0.4215,,,
TN_ELE_ROM,2026-06-08,0.3007,4.0,Medium,Romania,Electronics,Electronics,0.3255,,,
TN_ELE_RUS,2026-06-08,0.3007,4.0,Medium,Russian Federation,Electronics,Electronics,0.3782,,,
TN_ELE_SAU,2026-06-08,0.3007,4.0,Medium,Saudi Arabia,Electronics,Electronics,0.3562,,,
TN_ELE_SRI,2026-06-08,0.3007,4.0,Medium,Sri Lanka,Electronics,Electronics,0.4187,,,
TN_ELE_TUR,2026-06-08,0.3007,4.0,Medium,Turkey,Electronics,Electronics,0.396,,,
TN_ELE_UKR,2026-06-08,0.3007,4.0,Medium,Ukraine,Electronics,Electronics,0.4327,,,
TN_ELE_YEM,2026-06-08,0.3007,4.0,Medium,Yemen,Electronics,Electronics,0.4652,,,
TN_ELE_AFG,2026-06-08,0.3007,4.0,Medium,Afghanistan,Electronics,Electronics,0.4594,,,
TN_ELE_ALB,2026-06-08,0.3007,4.0,Medium,Albania,Electronics,Electronics,0.3349,,,
TN_ELE_AME,2026-06-08,0.3007,4.0,Medium,American Samoa,Electronics,Electronics,0.3782,,,
TN_ELE_AND,2026-06-08,0.3007,4.0,Medium,Andorra,Electronics,Electronics,0.3782,,,
TN_ELE_ARM,2026-06-08,0.3007,4.0,Medium,Armenia,Electronics,Electronics,0.3617,,,
TN_ELE_AZE,2026-06-08,0.3007,4.0,Medium,Azerbaijan,Electronics,Electronics,0.3747,,,
TN_ELE_BAH,2026-06-08,0.3007,4.0,Medium,Bahrain,Electronics,Electronics,0.3557,,,
TN_ELE_BAN,2026-06-08,0.3007,4.0,Medium,Bangladesh,Electronics,Electronics,0.4059,,,
TN_ELE_BHU,2026-06-08,0.3007,4.0,Medium,Bhutan,Electronics,Electronics,0.3589,,,
TN_ELE_BOS,2026-06-08,0.3007,4.0,Medium,Bosnia and Herzegovina,Electronics,Electronics,0.3737,,,
TN_ELE_BRU,2026-06-08,0.3007,4.0,Medium,Brunei Darussalam,Electronics,Electronics,0.3297,,,
TN_ELE_BUL,2026-06-08,0.3007,4.0,Medium,Bulgaria,Electronics,Electronics,0.3224,,,
TN_ELE_CHR,2026-06-08,0.3007,4.0,Medium,Christmas Island,Electronics,Electronics,0.3782,,,
TN_ELE_COC,2026-06-08,0.3007,4.0,Medium,Cocos (Keeling) Islands,Electronics,Electronics,0.3782,,,
TN_ELE_CRO,2026-06-08,0.3007,4.0,Medium,Croatia,Electronics,Electronics,0.3147,,,
TN_ELE_CYP,2026-06-08,0.3007,4.0,Medium,Cyprus,Electronics,Electronics,0.3354,,,
TN_ELE_DEM,2026-06-08,0.3007,4.0,Medium,Democratic People's Republic of Korea,Electronics,Electronics,0.3782,,,
TN_ELE_EST,2026-06-08,0.3007,4.0,Medium,Estonia,Electronics,Electronics,0.2894,,,
TN_ELE_FAR,2026-06-08,0.3007,4.0,Medium,Faroe Islands,Electronics,Electronics,0.3782,,,
TN_ELE_FIJ,2026-06-08,0.3007,4.0,Medium,Fiji,Electronics,Electronics,0.3684,,,
TN_ELE_FRE,2026-06-08,0.3007,4.0,Medium,French Polynesia,Electronics,Electronics,0.3782,,,
TN_ELE_GEO,2026-06-08,0.3007,4.0,Medium,Georgia,Electronics,Electronics,0.3727,,,
TN_ELE_GRE,2026-06-08,0.3007,4.0,Medium,Greece,Electronics,Electronics,0.3307,,,
TN_ELE_GUA,2026-06-08,0.3007,4.0,Medium,Guam,Electronics,Electronics,0.3782,,,
TN_ELE_GUE,2026-06-08,0.3007,4.0,Medium,Guernsey,Electronics,Electronics,0.3782,,,
TN_ELE_HOL,2026-06-08,0.3007,4.0,Medium,Holy See(Vatican City),Electronics,Electronics,0.3782,,,
TN_ELE_ICE,2026-06-08,0.3007,4.0,Medium,Iceland,Electronics,Electronics,0.2322,,,
TN_ELE_ISL,2026-06-08,0.3007,4.0,Medium,Islamic Republic of Iran,Electronics,Electronics,0.3782,,,
TN_ELE_JOR,2026-06-08,0.3007,4.0,Medium,Jordan,Electronics,Electronics,0.3822,,,
TN_ELE_KAZ,2026-06-08,0.3007,4.0,Medium,Kazakhstan,Electronics,Electronics,0.3444,,,
TN_ELE_KUW,2026-06-08,0.3007,4.0,Medium,Kuwait,Electronics,Electronics,0.3209,,,
TN_ELE_KYR,2026-06-08,0.3007,4.0,Medium,Kyrgyzstan,Electronics,Electronics,0.3782,,,
TN_ELE_LAO,2026-06-08,0.3007,4.0,Medium,Lao People's Democratic Republic,Electronics,Electronics,0.3782,,,
TN_ELE_LAT,2026-06-08,0.3007,4.0,Medium,Latvia,Electronics,Electronics,0.3012,,,
TN_ELE_LEB,2026-06-08,0.3007,4.0,Medium,Lebanon,Electronics,Electronics,0.4224,,,
TN_ELE_LIE,2026-06-08,0.3007,4.0,Medium,Liechtenstein,Electronics,Electronics,0.3782,,,
TN_ELE_LIT,2026-06-08,0.3007,4.0,Medium,Lithuania,Electronics,Electronics,0.2914,,,
TN_ELE_LUX,2026-06-08,0.3007,4.0,Medium,Luxembourg,Electronics,Electronics,0.2417,,,
TN_ELE_MAC,2026-06-08,0.3007,4.0,Medium,Macao,Electronics,Electronics,0.3782,,,
TN_ELE_MAR,2026-06-08,0.3007,4.0,Medium,Marshall Islands,Electronics,Electronics,0.3782,,,
TN_ELE_MON,2026-06-08,0.3007,4.0,Medium,Monaco,Electronics,Electronics,0.3782,,,
TN_ELE_MYA,2026-06-08,0.3007,4.0,Medium,Myanmar,Electronics,Electronics,0.4434,,,
TN_ELE_NAU,2026-06-08,0.3007,4.0,Medium,Nauru,Electronics,Electronics,0.3782,,,
TN_ELE_NEP,2026-06-08,0.3007,4.0,Medium,Nepal,Electronics,Electronics,0.3934,,,
TN_ELE_NET,2026-06-08,0.3007,4.0,Medium,Netherlands Antilles,Electronics,Electronics,0.3782,,,
TN_ELE_NEW,2026-06-08,0.3007,4.0,Medium,New Caledonia,Electronics,Electronics,0.3782,,,
TN_ELE_NIU,2026-06-08,0.3007,4.0,Medium,Niue,Electronics,Electronics,0.3782,,,
TN_ELE_NOR,2026-06-08,0.3007,4.0,Medium,Norfolk Island,Electronics,Electronics,0.3782,,,
TN_ELE_OMA,2026-06-08,0.3007,4.0,Medium,Oman,Electronics,Electronics,0.3147,,,
TN_ELE_PAK,2026-06-08,0.3007,4.0,Medium,Pakistan,Electronics,Electronics,0.4177,,,
TN_ELE_PAL,2026-06-08,0.3007,4.0,Medium,Palau,Electronics,Electronics,0.3782,,,
TN_ELE_PAP,2026-06-08,0.3007,4.0,Medium,Papua New Guinea,Electronics,Electronics,0.3882,,,
TN_ELE_PIT,2026-06-08,0.3007,4.0,Medium,Pitcairn,Electronics,Electronics,0.3782,,,
TN_ELE_POR,2026-06-08,0.3007,4.0,Medium,Portugal,Electronics,Electronics,0.2572,,,
TN_ELE_QAT,2026-06-08,0.3007,4.0,Medium,Qatar,Electronics,Electronics,0.2942,,,
TN_ELE_SAM,2026-06-08,0.3007,4.0,Medium,Samoa,Electronics,Electronics,0.3557,,,
TN_ELE_SAN,2026-06-08,0.3007,4.0,Medium,San Marino,Electronics,Electronics,0.3782,,,
TN_ELE_SER,2026-06-08,0.3007,4.0,Medium,Serbia and Montenegro,Electronics,Electronics,0.3782,,,
TN_ELE_SLO,2026-06-08,0.3007,4.0,Medium,Slovakia,Electronics,Electronics,0.3782,,,
TN_ELE_SOL,2026-06-08,0.3007,4.0,Medium,Solomon Islands,Electronics,Electronics,0.3919,,,
TN_ELE_SYR,2026-06-08,0.3007,4.0,Medium,Syrian Arab Republic,Electronics,Electronics,0.3782,,,
TN_ELE_TAJ,2026-06-08,0.3007,4.0,Medium,Tajikistan,Electronics,Electronics,0.3784,,,
TN_ELE_TIM,2026-06-08,0.3007,4.0,Medium,Timor-Leste,Electronics,Electronics,0.3867,,,
TN_ELE_TOK,2026-06-08,0.3007,4.0,Medium,Tokelau,Electronics,Electronics,0.3782,,,
TN_ELE_TUV,2026-06-08,0.3007,4.0,Medium,Tuvalu,Electronics,Electronics,0.3782,,,
TN_ELE_TÜR,2026-06-08,0.3007,4.0,Medium,Türkiye,Electronics,Electronics,0.3782,,,
TN_ELE_UZB,2026-06-08,0.3007,4.0,Medium,Uzbekistan,Electronics,Electronics,0.3599,,,
TN_ELE_VAN,2026-06-08,0.3007,4.0,Medium,Vanuatu,Electronics,Electronics,0.3782,,,
TN_ENE_SAU,2026-06-08,0.3007,4.0,Medium,Saudi Arabia,Energy,Energy,0.3568,,,
TN_ENE_IRA,2026-06-08,0.3007,4.0,Medium,Iraq,Energy,Energy,0.395,,,
TN_ENE_IND,2026-06-08,0.3007,4.0,Medium,Indonesia,Energy,Energy,0.3283,,,
TN_ENE_RUS,2026-06-08,0.3007,4.0,Medium,Russian Federation,Energy,Energy,0.3495,,,
TN_ENE_UNI,2026-06-08,0.3007,4.0,Medium,United Kingdom of Great Britain and Northern Ireland,Energy,Energy,0.3413,,,
TN_ENE_QAT,2026-06-08,0.3007,4.0,Medium,Qatar,Energy,Energy,0.2617,,,
TN_ENE_AUS,2026-06-08,0.3007,4.0,Medium,Austria,Energy,Energy,0.2169,,,
TN_ENE_KUW,2026-06-08,0.3007,4.0,Medium,Kuwait,Energy,Energy,0.287,,,
TN_ENE_MAL,2026-06-08,0.3007,4.0,Medium,Maldives,Energy,Energy,0.3132,,,
TN_ENE_CHI,2026-06-08,0.3007,4.0,Medium,China,Energy,Energy,0.3206,,,
TN_ENE_ISL,2026-06-08,0.3007,4.0,Medium,Islamic Republic of Iran,Energy,Energy,0.3429,,,
TN_ENE_OMA,2026-06-08,0.3007,4.0,Medium,Oman,Energy,Energy,0.2788,,,
TN_ENE_SIN,2026-06-08,0.3007,4.0,Medium,Singapore,Energy,Energy,0.2206,,,
TN_ENE_REP,2026-06-08,0.3007,4.0,Medium,Republic of Korea,Energy,Energy,0.3419,,,
TN_ENE_TUR,2026-06-08,0.3007,4.0,Medium,Turkey,Energy,Energy,0.3593,,,
TN_ENE_KAZ,2026-06-08,0.3007,4.0,Medium,Kazakhstan,Energy,Energy,0.3077,,,
TN_ENE_BRU,2026-06-08,0.3007,4.0,Medium,Brunei Darussalam,Energy,Energy,0.2929,,,
TN_ENE_NOR,2026-06-08,0.3007,4.0,Medium,Norfolk Island,Energy,Energy,0.3412,,,
TN_ENE_AZE,2026-06-08,0.3007,4.0,Medium,Azerbaijan,Energy,Energy,0.3378,,,
TN_ENE_JAP,2026-06-08,0.3007,4.0,Medium,Japan,Energy,Energy,0.2323,,,
TN_ENE_POL,2026-06-08,0.3007,4.0,Medium,Poland,Energy,Energy,0.2691,,,
TN_ENE_SWI,2026-06-08,0.3007,4.0,Medium,Switzerland,Energy,Energy,0.2006,,,
TN_ENE_BHU,2026-06-08,0.3007,4.0,Medium,Bhutan,Energy,Energy,0.322,,,
TN_ENE_FRA,2026-06-08,0.3007,4.0,Medium,France,Energy,Energy,0.228,,,
TN_ENE_GRE,2026-06-08,0.3007,4.0,Medium,Greece,Energy,Energy,0.2938,,,
TN_ENE_KIN,2026-06-08,0.3007,4.0,Medium,Kingdom of the Netherlands,Energy,Energy,0.3413,,,
TN_ENE_PAK,2026-06-08,0.3007,4.0,Medium,Pakistan,Energy,Energy,0.3808,,,
TN_ENE_SPA,2026-06-08,0.3007,4.0,Medium,Spain,Energy,Energy,0.2648,,,
TN_ENE_BAH,2026-06-08,0.3007,4.0,Medium,Bahrain,Energy,Energy,0.3187,,,
TN_ENE_BEL,2026-06-08,0.3007,4.0,Medium,Belarus,Energy,Energy,0.3307,,,
TN_ENE_GER,2026-06-08,0.3007,4.0,Medium,Germany,Energy,Energy,0.2175,,,
TN_ENE_HON,2026-06-08,0.3007,4.0,Medium,Hong Kong,Energy,Energy,0.306,,,
TN_ENE_NEW,2026-06-08,0.3007,4.0,Medium,New Zealand,Energy,Energy,0.1977,,,
TN_ENE_TAI,2026-06-08,0.3007,4.0,Medium,"Taiwan, Province of China",Energy,Energy,0.3412,,,
TN_ENE_THA,2026-06-08,0.3007,4.0,Medium,Thailand,Energy,Energy,0.326,,,
TN_ENE_AFG,2026-06-08,0.3007,4.0,Medium,Afghanistan,Energy,Energy,0.4224,,,
TN_ENE_AND,2026-06-08,0.3007,4.0,Medium,Andorra,Energy,Energy,0.3412,,,
TN_ENE_BAN,2026-06-08,0.3007,4.0,Medium,Bangladesh,Energy,Energy,0.3689,,,
TN_ENE_BUL,2026-06-08,0.3007,4.0,Medium,Bulgaria,Energy,Energy,0.2854,,,
TN_ENE_CRO,2026-06-08,0.3007,4.0,Medium,Croatia,Energy,Energy,0.2777,,,
TN_ENE_CYP,2026-06-08,0.3007,4.0,Medium,Cyprus,Energy,Energy,0.2984,,,
TN_ENE_CZE,2026-06-08,0.3007,4.0,Medium,Czechia,Energy,Energy,0.3412,,,
TN_ENE_DEM,2026-06-08,0.3007,4.0,Medium,Democratic People's Republic of Korea,Energy,Energy,0.3412,,,
TN_ENE_DEN,2026-06-08,0.3007,4.0,Medium,Denmark,Energy,Energy,0.2007,,,
TN_ENE_EST,2026-06-08,0.3007,4.0,Medium,Estonia,Energy,Energy,0.2524,,,
TN_ENE_FIN,2026-06-08,0.3007,4.0,Medium,Finland,Energy,Energy,0.1959,,,
TN_ENE_GEO,2026-06-08,0.3007,4.0,Medium,Georgia,Energy,Energy,0.3357,,,
TN_ENE_GIB,2026-06-08,0.3007,4.0,Medium,Gibraltar,Energy,Energy,0.3412,,,
TN_ENE_HUN,2026-06-08,0.3007,4.0,Medium,Hungary,Energy,Energy,0.2779,,,
TN_ENE_ICE,2026-06-08,0.3007,4.0,Medium,Iceland,Energy,Energy,0.1952,,,
TN_ENE_IRE,2026-06-08,0.3007,4.0,Medium,Ireland,Energy,Energy,0.2047,,,
TN_ENE_ISR,2026-06-08,0.3007,4.0,Medium,Israel,Energy,Energy,0.2662,,,
TN_ENE_ITA,2026-06-08,0.3007,4.0,Medium,Italy,Energy,Energy,0.2624,,,
TN_ENE_JOR,2026-06-08,0.3007,4.0,Medium,Jordan,Energy,Energy,0.3452,,,
TN_ENE_KYR,2026-06-08,0.3007,4.0,Medium,Kyrgyzstan,Energy,Energy,0.3412,,,
TN_ENE_LAO,2026-06-08,0.3007,4.0,Medium,Lao People's Democratic Republic,Energy,Energy,0.3412,,,
TN_ENE_LAT,2026-06-08,0.3007,4.0,Medium,Latvia,Energy,Energy,0.2642,,,
TN_ENE_LEB,2026-06-08,0.3007,4.0,Medium,Lebanon,Energy,Energy,0.3854,,,
TN_ENE_LIE,2026-06-08,0.3007,4.0,Medium,Liechtenstein,Energy,Energy,0.3412,,,
TN_ENE_LIT,2026-06-08,0.3007,4.0,Medium,Lithuania,Energy,Energy,0.2544,,,
TN_ENE_LUX,2026-06-08,0.3007,4.0,Medium,Luxembourg,Energy,Energy,0.2047,,,
TN_ENE_MAC,2026-06-08,0.3007,4.0,Medium,Macao,Energy,Energy,0.3412,,,
TN_ENE_MAR,2026-06-08,0.3007,4.0,Medium,Marshall Islands,Energy,Energy,0.3412,,,
TN_ENE_MON,2026-06-08,0.3007,4.0,Medium,Monaco,Energy,Energy,0.3412,,,
TN_ENE_MYA,2026-06-08,0.3007,4.0,Medium,Myanmar,Energy,Energy,0.4064,,,
TN_ENE_NEP,2026-06-08,0.3007,4.0,Medium,Nepal,Energy,Energy,0.3564,,,
TN_ENE_NET,2026-06-08,0.3007,4.0,Medium,Netherlands Antilles,Energy,Energy,0.3412,,,
TN_ENE_PAL,2026-06-08,0.3007,4.0,Medium,Palau,Energy,Energy,0.3412,,,
TN_ENE_PAP,2026-06-08,0.3007,4.0,Medium,Papua New Guinea,Energy,Energy,0.3512,,,
TN_ENE_PHI,2026-06-08,0.3007,4.0,Medium,Philippines,Energy,Energy,0.3504,,,
TN_ENE_PIT,2026-06-08,0.3007,4.0,Medium,Pitcairn,Energy,Energy,0.3412,,,
TN_ENE_POR,2026-06-08,0.3007,4.0,Medium,Portugal,Energy,Energy,0.2202,,,
TN_ENE_ROM,2026-06-08,0.3007,4.0,Medium,Romania,Energy,Energy,0.2884,,,
TN_ENE_SER,2026-06-08,0.3007,4.0,Medium,Serbia,Energy,Energy,0.3257,,,
TN_ENE_SLO,2026-06-08,0.3007,4.0,Medium,Slovakia,Energy,Energy,0.3412,,,
TN_ENE_SOL,2026-06-08,0.3007,4.0,Medium,Solomon Islands,Energy,Energy,0.3549,,,
TN_ENE_SRI,2026-06-08,0.3007,4.0,Medium,Sri Lanka,Energy,Energy,0.3817,,,
TN_ENE_SWE,2026-06-08,0.3007,4.0,Medium,Sweden,Energy,Energy,0.2074,,,
TN_ENE_TAJ,2026-06-08,0.3007,4.0,Medium,Tajikistan,Energy,Energy,0.3414,,,
TN_ENE_TUV,2026-06-08,0.3007,4.0,Medium,Tuvalu,Energy,Energy,0.3412,,,
TN_ENE_TÜR,2026-06-08,0.3007,4.0,Medium,Türkiye,Energy,Energy,0.3412,,,
TN_ENE_UKR,2026-06-08,0.3007,4.0,Medium,Ukraine,Energy,Energy,0.3957,,,
TN_ENE_UZB,2026-06-08,0.3007,4.0,Medium,Uzbekistan,Energy,Energy,0.3229,,,
TN_ENE_VIE,2026-06-08,0.3007,4.0,Medium,Viet Nam,Energy,Energy,0.3412,,,
TN_ENE_YEM,2026-06-08,0.3007,4.0,Medium,Yemen,Energy,Energy,0.4282,,,
TN_MAN_CHI,2026-06-08,0.3007,4.0,Medium,China,Manufacturing,Manufacturing,0.4788,,,
TN_MAN_GER,2026-06-08,0.3007,4.0,Medium,Germany,Manufacturing,Manufacturing,0.2381,,,
TN_MAN_JAP,2026-06-08,0.3007,4.0,Medium,Japan,Manufacturing,Manufacturing,0.2511,,,
TN_MAN_SIN,2026-06-08,0.3007,4.0,Medium,Singapore,Manufacturing,Manufacturing,0.238,,,
TN_MAN_MAL,2026-06-08,0.3007,4.0,Medium,Maldives,Manufacturing,Manufacturing,0.3279,,,
TN_MAN_REP,2026-06-08,0.3007,4.0,Medium,Republic of Korea,Manufacturing,Manufacturing,0.3588,,,
TN_MAN_ITA,2026-06-08,0.3007,4.0,Medium,Italy,Manufacturing,Manufacturing,0.2798,,,
TN_MAN_THA,2026-06-08,0.3007,4.0,Medium,Thailand,Manufacturing,Manufacturing,0.3427,,,
TN_MAN_HON,2026-06-08,0.3007,4.0,Medium,Hong Kong,Manufacturing,Manufacturing,0.3224,,,
TN_MAN_UNI,2026-06-08,0.3007,4.0,Medium,United Kingdom of Great Britain and Northern Ireland,Manufacturing,Manufacturing,0.3574,,,
TN_MAN_TAI,2026-06-08,0.3007,4.0,Medium,"Taiwan, Province of China",Manufacturing,Manufacturing,0.3572,,,
TN_MAN_FRA,2026-06-08,0.3007,4.0,Medium,France,Manufacturing,Manufacturing,0.2439,,,
TN_MAN_BEL,2026-06-08,0.3007,4.0,Medium,Belarus,Manufacturing,Manufacturing,0.3454,,,
TN_MAN_KIN,2026-06-08,0.3007,4.0,Medium,Kingdom of the Netherlands,Manufacturing,Manufacturing,0.3568,,,
TN_MAN_VIE,2026-06-08,0.3007,4.0,Medium,Viet Nam,Manufacturing,Manufacturing,0.3567,,,
TN_MAN_IND,2026-06-08,0.3007,4.0,Medium,Indonesia,Manufacturing,Manufacturing,0.3354,,,
TN_MAN_SWI,2026-06-08,0.3007,4.0,Medium,Switzerland,Manufacturing,Manufacturing,0.2157,,,
TN_MAN_SWE,2026-06-08,0.3007,4.0,Medium,Sweden,Manufacturing,Manufacturing,0.2226,,,
TN_MAN_SPA,2026-06-08,0.3007,4.0,Medium,Spain,Manufacturing,Manufacturing,0.2798,,,
TN_MAN_TUR,2026-06-08,0.3007,4.0,Medium,Turkey,Manufacturing,Manufacturing,0.374,,,
TN_MAN_CZE,2026-06-08,0.3007,4.0,Medium,Czechia,Manufacturing,Manufacturing,0.3562,,,
TN_MAN_AUS,2026-06-08,0.3007,4.0,Medium,Austria,Manufacturing,Manufacturing,0.2319,,,
TN_MAN_IRE,2026-06-08,0.3007,4.0,Medium,Ireland,Manufacturing,Manufacturing,0.2196,,,
TN_MAN_DEN,2026-06-08,0.3007,4.0,Medium,Denmark,Manufacturing,Manufacturing,0.2156,,,
TN_MAN_FIN,2026-06-08,0.3007,4.0,Medium,Finland,Manufacturing,Manufacturing,0.2108,,,
TN_MAN_PHI,2026-06-08,0.3007,4.0,Medium,Philippines,Manufacturing,Manufacturing,0.3654,,,
TN_MAN_ISR,2026-06-08,0.3007,4.0,Medium,Israel,Manufacturing,Manufacturing,0.2811,,,
TN_MAN_ROM,2026-06-08,0.3007,4.0,Medium,Romania,Manufacturing,Manufacturing,0.3033,,,
TN_MAN_RUS,2026-06-08,0.3007,4.0,Medium,Russian Federation,Manufacturing,Manufacturing,0.3561,,,
TN_MAN_POL,2026-06-08,0.3007,4.0,Medium,Poland,Manufacturing,Manufacturing,0.2838,,,
TN_MAN_UKR,2026-06-08,0.3007,4.0,Medium,Ukraine,Manufacturing,Manufacturing,0.4105,,,
TN_MAN_BAN,2026-06-08,0.3007,4.0,Medium,Bangladesh,Manufacturing,Manufacturing,0.3837,,,
TN_MAN_HUN,2026-06-08,0.3007,4.0,Medium,Hungary,Manufacturing,Manufacturing,0.2928,,,
TN_MAN_LUX,2026-06-08,0.3007,4.0,Medium,Luxembourg,Manufacturing,Manufacturing,0.2195,,,
TN_MAN_SAU,2026-06-08,0.3007,4.0,Medium,Saudi Arabia,Manufacturing,Manufacturing,0.334,,,
TN_MAN_SLO,2026-06-08,0.3007,4.0,Medium,Slovakia,Manufacturing,Manufacturing,0.356,,,
TN_MAN_NEW,2026-06-08,0.3007,4.0,Medium,New Caledonia,Manufacturing,Manufacturing,0.3559,,,
TN_MAN_NOR,2026-06-08,0.3007,4.0,Medium,Norfolk Island,Manufacturing,Manufacturing,0.3559,,,
TN_MAN_OMA,2026-06-08,0.3007,4.0,Medium,Oman,Manufacturing,Manufacturing,0.2924,,,
TN_MAN_POR,2026-06-08,0.3007,4.0,Medium,Portugal,Manufacturing,Manufacturing,0.235,,,
TN_MAN_SRI,2026-06-08,0.3007,4.0,Medium,Sri Lanka,Manufacturing,Manufacturing,0.3964,,,
TN_MAN_TÜR,2026-06-08,0.3007,4.0,Medium,Türkiye,Manufacturing,Manufacturing,0.356,,,
TN_MAN_AFG,2026-06-08,0.3007,4.0,Medium,Afghanistan,Manufacturing,Manufacturing,0.4372,,,
TN_MAN_ALB,2026-06-08,0.3007,4.0,Medium,Albania,Manufacturing,Manufacturing,0.3126,,,
TN_MAN_AME,2026-06-08,0.3007,4.0,Medium,American Samoa,Manufacturing,Manufacturing,0.3559,,,
TN_MAN_AND,2026-06-08,0.3007,4.0,Medium,Andorra,Manufacturing,Manufacturing,0.3559,,,
TN_MAN_ARM,2026-06-08,0.3007,4.0,Medium,Armenia,Manufacturing,Manufacturing,0.3394,,,
TN_MAN_AZE,2026-06-08,0.3007,4.0,Medium,Azerbaijan,Manufacturing,Manufacturing,0.3524,,,
TN_MAN_BAH,2026-06-08,0.3007,4.0,Medium,Bahrain,Manufacturing,Manufacturing,0.3334,,,
TN_MAN_BHU,2026-06-08,0.3007,4.0,Medium,Bhutan,Manufacturing,Manufacturing,0.3366,,,
TN_MAN_BOS,2026-06-08,0.3007,4.0,Medium,Bosnia and Herzegovina,Manufacturing,Manufacturing,0.3514,,,
TN_MAN_BRU,2026-06-08,0.3007,4.0,Medium,Brunei Darussalam,Manufacturing,Manufacturing,0.3074,,,
TN_MAN_BUL,2026-06-08,0.3007,4.0,Medium,Bulgaria,Manufacturing,Manufacturing,0.3002,,,
TN_MAN_CAM,2026-06-08,0.3007,4.0,Medium,Cambodia,Manufacturing,Manufacturing,0.3714,,,
TN_MAN_CHR,2026-06-08,0.3007,4.0,Medium,Christmas Island,Manufacturing,Manufacturing,0.3559,,,
TN_MAN_COC,2026-06-08,0.3007,4.0,Medium,Cocos (Keeling) Islands,Manufacturing,Manufacturing,0.3559,,,
TN_MAN_COO,2026-06-08,0.3007,4.0,Medium,Cook Islands,Manufacturing,Manufacturing,0.3559,,,
TN_MAN_CRO,2026-06-08,0.3007,4.0,Medium,Croatia,Manufacturing,Manufacturing,0.2924,,,
TN_MAN_CYP,2026-06-08,0.3007,4.0,Medium,Cyprus,Manufacturing,Manufacturing,0.3132,,,
TN_MAN_DEM,2026-06-08,0.3007,4.0,Medium,Democratic People's Republic of Korea,Manufacturing,Manufacturing,0.3559,,,
TN_MAN_EST,2026-06-08,0.3007,4.0,Medium,Estonia,Manufacturing,Manufacturing,0.2672,,,
TN_MAN_FAR,2026-06-08,0.3007,4.0,Medium,Faroe Islands,Manufacturing,Manufacturing,0.3559,,,
TN_MAN_FIJ,2026-06-08,0.3007,4.0,Medium,Fiji,Manufacturing,Manufacturing,0.3462,,,
TN_MAN_FRE,2026-06-08,0.3007,4.0,Medium,French Polynesia,Manufacturing,Manufacturing,0.3559,,,
TN_MAN_GEO,2026-06-08,0.3007,4.0,Medium,Georgia,Manufacturing,Manufacturing,0.3504,,,
TN_MAN_GIB,2026-06-08,0.3007,4.0,Medium,Gibraltar,Manufacturing,Manufacturing,0.3559,,,
TN_MAN_GRE,2026-06-08,0.3007,4.0,Medium,Greece,Manufacturing,Manufacturing,0.3084,,,
TN_MAN_GUA,2026-06-08,0.3007,4.0,Medium,Guam,Manufacturing,Manufacturing,0.3559,,,
TN_MAN_GUE,2026-06-08,0.3007,4.0,Medium,Guernsey,Manufacturing,Manufacturing,0.3559,,,
TN_MAN_HEA,2026-06-08,0.3007,4.0,Medium,Heard Island and McDonald Islands,Manufacturing,Manufacturing,0.3559,,,
TN_MAN_HOL,2026-06-08,0.3007,4.0,Medium,Holy See(Vatican City),Manufacturing,Manufacturing,0.3559,,,
TN_MAN_ICE,2026-06-08,0.3007,4.0,Medium,Iceland,Manufacturing,Manufacturing,0.2099,,,
TN_MAN_IRA,2026-06-08,0.3007,4.0,Medium,Iraq,Manufacturing,Manufacturing,0.3992,,,
TN_MAN_ISL,2026-06-08,0.3007,4.0,Medium,Islamic Republic of Iran,Manufacturing,Manufacturing,0.3559,,,
TN_MAN_JOR,2026-06-08,0.3007,4.0,Medium,Jordan,Manufacturing,Manufacturing,0.3599,,,
TN_MAN_KAZ,2026-06-08,0.3007,4.0,Medium,Kazakhstan,Manufacturing,Manufacturing,0.3222,,,
TN_MAN_KUW,2026-06-08,0.3007,4.0,Medium,Kuwait,Manufacturing,Manufacturing,0.2987,,,
TN_MAN_KYR,2026-06-08,0.3007,4.0,Medium,Kyrgyzstan,Manufacturing,Manufacturing,0.3559,,,
TN_MAN_LAO,2026-06-08,0.3007,4.0,Medium,Lao People's Democratic Republic,Manufacturing,Manufacturing,0.3559,,,
TN_MAN_LAT,2026-06-08,0.3007,4.0,Medium,Latvia,Manufacturing,Manufacturing,0.2789,,,
TN_MAN_LEB,2026-06-08,0.3007,4.0,Medium,Lebanon,Manufacturing,Manufacturing,0.4002,,,
TN_MAN_LIE,2026-06-08,0.3007,4.0,Medium,Liechtenstein,Manufacturing,Manufacturing,0.3559,,,
TN_MAN_LIT,2026-06-08,0.3007,4.0,Medium,Lithuania,Manufacturing,Manufacturing,0.2692,,,
TN_MAN_MAC,2026-06-08,0.3007,4.0,Medium,Macao,Manufacturing,Manufacturing,0.3559,,,
TN_MAN_MAR,2026-06-08,0.3007,4.0,Medium,Marshall Islands,Manufacturing,Manufacturing,0.3559,,,
TN_MAN_MON,2026-06-08,0.3007,4.0,Medium,Monaco,Manufacturing,Manufacturing,0.3559,,,
TN_MAN_MYA,2026-06-08,0.3007,4.0,Medium,Myanmar,Manufacturing,Manufacturing,0.4212,,,
TN_MAN_NAU,2026-06-08,0.3007,4.0,Medium,Nauru,Manufacturing,Manufacturing,0.3559,,,
TN_MAN_NEP,2026-06-08,0.3007,4.0,Medium,Nepal,Manufacturing,Manufacturing,0.3712,,,
TN_MAN_NET,2026-06-08,0.3007,4.0,Medium,Netherlands Antilles,Manufacturing,Manufacturing,0.3559,,,
TN_MAN_NIU,2026-06-08,0.3007,4.0,Medium,Niue,Manufacturing,Manufacturing,0.3559,,,
TN_MAN_PAK,2026-06-08,0.3007,4.0,Medium,Pakistan,Manufacturing,Manufacturing,0.3954,,,
TN_MAN_PAL,2026-06-08,0.3007,4.0,Medium,Palau,Manufacturing,Manufacturing,0.3559,,,
TN_MAN_PAP,2026-06-08,0.3007,4.0,Medium,Papua New Guinea,Manufacturing,Manufacturing,0.3659,,,
TN_MAN_QAT,2026-06-08,0.3007,4.0,Medium,Qatar,Manufacturing,Manufacturing,0.2719,,,
TN_MAN_SAM,2026-06-08,0.3007,4.0,Medium,Samoa,Manufacturing,Manufacturing,0.3334,,,
TN_MAN_SAN,2026-06-08,0.3007,4.0,Medium,San Marino,Manufacturing,Manufacturing,0.3559,,,
TN_MAN_SER,2026-06-08,0.3007,4.0,Medium,Serbia and Montenegro,Manufacturing,Manufacturing,0.3559,,,
TN_MAN_SOL,2026-06-08,0.3007,4.0,Medium,Solomon Islands,Manufacturing,Manufacturing,0.3697,,,
TN_MAN_SYR,2026-06-08,0.3007,4.0,Medium,Syrian Arab Republic,Manufacturing,Manufacturing,0.3559,,,
TN_MAN_TAJ,2026-06-08,0.3007,4.0,Medium,Tajikistan,Manufacturing,Manufacturing,0.3561,,,
TN_MAN_TIM,2026-06-08,0.3007,4.0,Medium,Timor-Leste,Manufacturing,Manufacturing,0.3644,,,
TN_MAN_TOK,2026-06-08,0.3007,4.0,Medium,Tokelau,Manufacturing,Manufacturing,0.3559,,,
TN_MAN_TON,2026-06-08,0.3007,4.0,Medium,Tonga,Manufacturing,Manufacturing,0.3559,,,
TN_MAN_TUV,2026-06-08,0.3007,4.0,Medium,Tuvalu,Manufacturing,Manufacturing,0.3559,,,
TN_MAN_UZB,2026-06-08,0.3007,4.0,Medium,Uzbekistan,Manufacturing,Manufacturing,0.3377,,,
TN_MAN_VAN,2026-06-08,0.3007,4.0,Medium,Vanuatu,Manufacturing,Manufacturing,0.3559,,,
TN_MAN_WAL,2026-06-08,0.3007,4.0,Medium,Wallis and Futuna,Manufacturing,Manufacturing,0.3559,,,
TN_MAN_YEM,2026-06-08,0.3007,4.0,Medium,Yemen,Manufacturing,Manufacturing,0.4429,,,
TN_MET_CHI,2026-06-08,0.3007,4.0,Medium,China,Metals & Mining,Metals & Mining,0.359,,,
TN_MET_IND,2026-06-08,0.3007,4.0,Medium,Indonesia,Metals & Mining,Metals & Mining,0.3034,,,
TN_MET_REP,2026-06-08,0.3007,4.0,Medium,Republic of Korea,Metals & Mining,Metals & Mining,0.3223,,,
TN_MET_MAL,2026-06-08,0.3007,4.0,Medium,Maldives,Metals & Mining,Metals & Mining,0.2878,,,
TN_MET_JAP,2026-06-08,0.3007,4.0,Medium,Japan,Metals & Mining,Metals & Mining,0.2126,,,
TN_MET_SAU,2026-06-08,0.3007,4.0,Medium,Saudi Arabia,Metals & Mining,Metals & Mining,0.2988,,,
TN_MET_UNI,2026-06-08,0.3007,4.0,Medium,United Kingdom of Great Britain and Northern Ireland,Metals & Mining,Metals & Mining,0.3178,,,
TN_MET_AUS,2026-06-08,0.3007,4.0,Medium,Austria,Metals & Mining,Metals & Mining,0.1917,,,
TN_MET_GER,2026-06-08,0.3007,4.0,Medium,Germany,Metals & Mining,Metals & Mining,0.1941,,,
TN_MET_VIE,2026-06-08,0.3007,4.0,Medium,Viet Nam,Metals & Mining,Metals & Mining,0.3178,,,
TN_MET_THA,2026-06-08,0.3007,4.0,Medium,Thailand,Metals & Mining,Metals & Mining,0.3025,,,
TN_MET_SIN,2026-06-08,0.3007,4.0,Medium,Singapore,Metals & Mining,Metals & Mining,0.1959,,,
TN_MET_KIN,2026-06-08,0.3007,4.0,Medium,Kingdom of the Netherlands,Metals & Mining,Metals & Mining,0.3167,,,
TN_MET_BEL,2026-06-08,0.3007,4.0,Medium,Belarus,Metals & Mining,Metals & Mining,0.3052,,,
TN_MET_ITA,2026-06-08,0.3007,4.0,Medium,Italy,Metals & Mining,Metals & Mining,0.2379,,,
TN_MET_RUS,2026-06-08,0.3007,4.0,Medium,Russian Federation,Metals & Mining,Metals & Mining,0.3166,,,
TN_MET_TAI,2026-06-08,0.3007,4.0,Medium,"Taiwan, Province of China",Metals & Mining,Metals & Mining,0.3165,,,
TN_MET_FRA,2026-06-08,0.3007,4.0,Medium,France,Metals & Mining,Metals & Mining,0.2032,,,
TN_MET_HON,2026-06-08,0.3007,4.0,Medium,Hong Kong,Metals & Mining,Metals & Mining,0.2811,,,
TN_MET_UKR,2026-06-08,0.3007,4.0,Medium,Ukraine,Metals & Mining,Metals & Mining,0.3709,,,
TN_MET_BAH,2026-06-08,0.3007,4.0,Medium,Bahrain,Metals & Mining,Metals & Mining,0.2938,,,
TN_MET_SWE,2026-06-08,0.3007,4.0,Medium,Sweden,Metals & Mining,Metals & Mining,0.1826,,,
TN_MET_OMA,2026-06-08,0.3007,4.0,Medium,Oman,Metals & Mining,Metals & Mining,0.2527,,,
TN_MET_BAN,2026-06-08,0.3007,4.0,Medium,Bangladesh,Metals & Mining,Metals & Mining,0.3439,,,
TN_MET_BHU,2026-06-08,0.3007,4.0,Medium,Bhutan,Metals & Mining,Metals & Mining,0.2968,,,
TN_MET_KUW,2026-06-08,0.3007,4.0,Medium,Kuwait,Metals & Mining,Metals & Mining,0.2589,,,
TN_MET_QAT,2026-06-08,0.3007,4.0,Medium,Qatar,Metals & Mining,Metals & Mining,0.2321,,,
TN_MET_SPA,2026-06-08,0.3007,4.0,Medium,Spain,Metals & Mining,Metals & Mining,0.2396,,,
TN_MET_POL,2026-06-08,0.3007,4.0,Medium,Poland,Metals & Mining,Metals & Mining,0.2438,,,
TN_MET_TUR,2026-06-08,0.3007,4.0,Medium,Turkey,Metals & Mining,Metals & Mining,0.3338,,,
TN_MET_PHI,2026-06-08,0.3007,4.0,Medium,Philippines,Metals & Mining,Metals & Mining,0.3252,,,
TN_MET_SWI,2026-06-08,0.3007,4.0,Medium,Switzerland,Metals & Mining,Metals & Mining,0.1752,,,
TN_MET_DEN,2026-06-08,0.3007,4.0,Medium,Denmark,Metals & Mining,Metals & Mining,0.1754,,,
TN_MET_FIN,2026-06-08,0.3007,4.0,Medium,Finland,Metals & Mining,Metals & Mining,0.1706,,,
TN_MET_ISR,2026-06-08,0.3007,4.0,Medium,Israel,Metals & Mining,Metals & Mining,0.2409,,,
TN_MET_NEP,2026-06-08,0.3007,4.0,Medium,Nepal,Metals & Mining,Metals & Mining,0.3312,,,
TN_MET_NEW,2026-06-08,0.3007,4.0,Medium,New Caledonia,Metals & Mining,Metals & Mining,0.3158,,,
TN_MET_NOR,2026-06-08,0.3007,4.0,Medium,North Macedonia,Metals & Mining,Metals & Mining,0.3158,,,
TN_MET_PAP,2026-06-08,0.3007,4.0,Medium,Papua New Guinea,Metals & Mining,Metals & Mining,0.3259,,,
TN_MET_GRE,2026-06-08,0.3007,4.0,Medium,Greece,Metals & Mining,Metals & Mining,0.2684,,,
TN_MET_KAZ,2026-06-08,0.3007,4.0,Medium,Kazakhstan,Metals & Mining,Metals & Mining,0.2821,,,
TN_MET_MYA,2026-06-08,0.3007,4.0,Medium,Myanmar,Metals & Mining,Metals & Mining,0.3811,,,
TN_MET_PAK,2026-06-08,0.3007,4.0,Medium,Pakistan,Metals & Mining,Metals & Mining,0.3553,,,
TN_MET_ROM,2026-06-08,0.3007,4.0,Medium,Romania,Metals & Mining,Metals & Mining,0.2631,,,
TN_MET_SLO,2026-06-08,0.3007,4.0,Medium,Slovakia,Metals & Mining,Metals & Mining,0.3157,,,
TN_MET_SRI,2026-06-08,0.3007,4.0,Medium,Sri Lanka,Metals & Mining,Metals & Mining,0.3563,,,
TN_MET_YEM,2026-06-08,0.3007,4.0,Medium,Yemen,Metals & Mining,Metals & Mining,0.4028,,,
TN_MET_ALB,2026-06-08,0.3007,4.0,Medium,Albania,Metals & Mining,Metals & Mining,0.2725,,,
TN_MET_BUL,2026-06-08,0.3007,4.0,Medium,Bulgaria,Metals & Mining,Metals & Mining,0.26,,,
TN_MET_CYP,2026-06-08,0.3007,4.0,Medium,Cyprus,Metals & Mining,Metals & Mining,0.273,,,
TN_MET_CZE,2026-06-08,0.3007,4.0,Medium,Czechia,Metals & Mining,Metals & Mining,0.3158,,,
TN_MET_GEO,2026-06-08,0.3007,4.0,Medium,Georgia,Metals & Mining,Metals & Mining,0.3103,,,
TN_MET_IRE,2026-06-08,0.3007,4.0,Medium,Ireland,Metals & Mining,Metals & Mining,0.1793,,,
TN_MET_ISL,2026-06-08,0.3007,4.0,Medium,Islamic Republic of Iran,Metals & Mining,Metals & Mining,0.3158,,,
TN_MET_JOR,2026-06-08,0.3007,4.0,Medium,Jordan,Metals & Mining,Metals & Mining,0.3198,,,
TN_MET_LAO,2026-06-08,0.3007,4.0,Medium,Lao People's Democratic Republic,Metals & Mining,Metals & Mining,0.3158,,,
TN_MET_LAT,2026-06-08,0.3007,4.0,Medium,Latvia,Metals & Mining,Metals & Mining,0.2388,,,
TN_MET_LEB,2026-06-08,0.3007,4.0,Medium,Lebanon,Metals & Mining,Metals & Mining,0.36,,,
TN_MET_LIT,2026-06-08,0.3007,4.0,Medium,Lithuania,Metals & Mining,Metals & Mining,0.229,,,
TN_MET_LUX,2026-06-08,0.3007,4.0,Medium,Luxembourg,Metals & Mining,Metals & Mining,0.1793,,,
TN_MET_POR,2026-06-08,0.3007,4.0,Medium,Portugal,Metals & Mining,Metals & Mining,0.1948,,,
TN_MET_AFG,2026-06-08,0.3007,4.0,Medium,Afghanistan,Metals & Mining,Metals & Mining,0.397,,,
TN_MET_AME,2026-06-08,0.3007,4.0,Medium,American Samoa,Metals & Mining,Metals & Mining,0.3157,,,
TN_MET_AND,2026-06-08,0.3007,4.0,Medium,Andorra,Metals & Mining,Metals & Mining,0.3157,,,
TN_MET_ARM,2026-06-08,0.3007,4.0,Medium,Armenia,Metals & Mining,Metals & Mining,0.2992,,,
TN_MET_AZE,2026-06-08,0.3007,4.0,Medium,Azerbaijan,Metals & Mining,Metals & Mining,0.3122,,,
TN_MET_BOS,2026-06-08,0.3007,4.0,Medium,Bosnia and Herzegovina,Metals & Mining,Metals & Mining,0.3113,,,
TN_MET_BRU,2026-06-08,0.3007,4.0,Medium,Brunei Darussalam,Metals & Mining,Metals & Mining,0.2672,,,
TN_MET_CAM,2026-06-08,0.3007,4.0,Medium,Cambodia,Metals & Mining,Metals & Mining,0.3313,,,
TN_MET_CHR,2026-06-08,0.3007,4.0,Medium,Christmas Island,Metals & Mining,Metals & Mining,0.3157,,,
TN_MET_CRO,2026-06-08,0.3007,4.0,Medium,Croatia,Metals & Mining,Metals & Mining,0.2522,,,
TN_MET_DEM,2026-06-08,0.3007,4.0,Medium,Democratic People's Republic of Korea,Metals & Mining,Metals & Mining,0.3157,,,
TN_MET_EST,2026-06-08,0.3007,4.0,Medium,Estonia,Metals & Mining,Metals & Mining,0.227,,,
TN_MET_FIJ,2026-06-08,0.3007,4.0,Medium,Fiji,Metals & Mining,Metals & Mining,0.306,,,
TN_MET_FRE,2026-06-08,0.3007,4.0,Medium,French Polynesia,Metals & Mining,Metals & Mining,0.3157,,,
TN_MET_GIB,2026-06-08,0.3007,4.0,Medium,Gibraltar,Metals & Mining,Metals & Mining,0.3157,,,
TN_MET_GUA,2026-06-08,0.3007,4.0,Medium,Guam,Metals & Mining,Metals & Mining,0.3157,,,
TN_MET_GUE,2026-06-08,0.3007,4.0,Medium,Guernsey,Metals & Mining,Metals & Mining,0.3157,,,
TN_MET_HOL,2026-06-08,0.3007,4.0,Medium,Holy See(Vatican City),Metals & Mining,Metals & Mining,0.3157,,,
TN_MET_HUN,2026-06-08,0.3007,4.0,Medium,Hungary,Metals & Mining,Metals & Mining,0.2525,,,
TN_MET_ICE,2026-06-08,0.3007,4.0,Medium,Iceland,Metals & Mining,Metals & Mining,0.1697,,,
TN_MET_IRA,2026-06-08,0.3007,4.0,Medium,Iraq,Metals & Mining,Metals & Mining,0.359,,,
TN_MET_KIR,2026-06-08,0.3007,4.0,Medium,Kiribati,Metals & Mining,Metals & Mining,0.3157,,,
TN_MET_KYR,2026-06-08,0.3007,4.0,Medium,Kyrgyzstan,Metals & Mining,Metals & Mining,0.3157,,,
TN_MET_LIE,2026-06-08,0.3007,4.0,Medium,Liechtenstein,Metals & Mining,Metals & Mining,0.3157,,,
TN_MET_MAC,2026-06-08,0.3007,4.0,Medium,Macao,Metals & Mining,Metals & Mining,0.3157,,,
TN_MET_MAR,2026-06-08,0.3007,4.0,Medium,Marshall Islands,Metals & Mining,Metals & Mining,0.3157,,,
TN_MET_MON,2026-06-08,0.3007,4.0,Medium,Monaco,Metals & Mining,Metals & Mining,0.3157,,,
TN_MET_NAU,2026-06-08,0.3007,4.0,Medium,Nauru,Metals & Mining,Metals & Mining,0.3157,,,
TN_MET_NET,2026-06-08,0.3007,4.0,Medium,Netherlands Antilles,Metals & Mining,Metals & Mining,0.3157,,,
TN_MET_SAM,2026-06-08,0.3007,4.0,Medium,Samoa,Metals & Mining,Metals & Mining,0.2932,,,
TN_MET_SAN,2026-06-08,0.3007,4.0,Medium,San Marino,Metals & Mining,Metals & Mining,0.3157,,,
TN_MET_SER,2026-06-08,0.3007,4.0,Medium,Serbia and Montenegro,Metals & Mining,Metals & Mining,0.3157,,,
TN_MET_SOL,2026-06-08,0.3007,4.0,Medium,Solomon Islands,Metals & Mining,Metals & Mining,0.3295,,,
TN_MET_STA,2026-06-08,0.3007,4.0,Medium,State of Palestine,Metals & Mining,Metals & Mining,0.3157,,,
TN_MET_SYR,2026-06-08,0.3007,4.0,Medium,Syrian Arab Republic,Metals & Mining,Metals & Mining,0.3157,,,
TN_MET_TAJ,2026-06-08,0.3007,4.0,Medium,Tajikistan,Metals & Mining,Metals & Mining,0.316,,,
TN_MET_TIM,2026-06-08,0.3007,4.0,Medium,Timor-Leste,Metals & Mining,Metals & Mining,0.3242,,,
TN_MET_TOK,2026-06-08,0.3007,4.0,Medium,Tokelau,Metals & Mining,Metals & Mining,0.3157,,,
TN_MET_TON,2026-06-08,0.3007,4.0,Medium,Tonga,Metals & Mining,Metals & Mining,0.3157,,,
TN_MET_TÜR,2026-06-08,0.3007,4.0,Medium,Türkiye,Metals & Mining,Metals & Mining,0.3157,,,
TN_MET_UZB,2026-06-08,0.3007,4.0,Medium,Uzbekistan,Metals & Mining,Metals & Mining,0.2975,,,
TN_OTH_CHI,2026-06-08,0.3007,4.0,Medium,China,Other,Other,0.3533,,,
TN_OTH_SWI,2026-06-08,0.3007,4.0,Medium,Switzerland,Other,Other,0.1972,,,
TN_OTH_UNI,2026-06-08,0.3007,4.0,Medium,United Kingdom of Great Britain and Northern Ireland,Other,Other,0.3304,,,
TN_OTH_SAU,2026-06-08,0.3007,4.0,Medium,Saudi Arabia,Other,Other,0.3107,,,
TN_OTH_HON,2026-06-08,0.3007,4.0,Medium,Hong Kong,Other,Other,0.297,,,
TN_OTH_BEL,2026-06-08,0.3007,4.0,Medium,Belarus,Other,Other,0.3183,,,
TN_OTH_IND,2026-06-08,0.3007,4.0,Medium,Indonesia,Other,Other,0.3103,,,
TN_OTH_GER,2026-06-08,0.3007,4.0,Medium,Germany,Other,Other,0.2076,,,
TN_OTH_MYA,2026-06-08,0.3007,4.0,Medium,Myanmar,Other,Other,0.3962,,,
TN_OTH_RUS,2026-06-08,0.3007,4.0,Medium,Russian Federation,Other,Other,0.3307,,,
TN_OTH_MAL,2026-06-08,0.3007,4.0,Medium,Maldives,Other,Other,0.3007,,,
TN_OTH_SIN,2026-06-08,0.3007,4.0,Medium,Singapore,Other,Other,0.209,,,
TN_OTH_FRA,2026-06-08,0.3007,4.0,Medium,France,Other,Other,0.2172,,,
TN_OTH_REP,2026-06-08,0.3007,4.0,Medium,Republic of Korea,Other,Other,0.3301,,,
TN_OTH_AUS,2026-06-08,0.3007,4.0,Medium,Austria,Other,Other,0.2046,,,
TN_OTH_JAP,2026-06-08,0.3007,4.0,Medium,Japan,Other,Other,0.2209,,,
TN_OTH_BAN,2026-06-08,0.3007,4.0,Medium,Bangladesh,Other,Other,0.3575,,,
TN_OTH_THA,2026-06-08,0.3007,4.0,Medium,Thailand,Other,Other,0.3144,,,
TN_OTH_ITA,2026-06-08,0.3007,4.0,Medium,Italy,Other,Other,0.2507,,,
TN_OTH_ISR,2026-06-08,0.3007,4.0,Medium,Israel,Other,Other,0.2544,,,
TN_OTH_OMA,2026-06-08,0.3007,4.0,Medium,Oman,Other,Other,0.2659,,,
TN_OTH_VIE,2026-06-08,0.3007,4.0,Medium,Viet Nam,Other,Other,0.3294,,,
TN_OTH_KIN,2026-06-08,0.3007,4.0,Medium,Kingdom of the Netherlands,Other,Other,0.3292,,,
TN_OTH_UKR,2026-06-08,0.3007,4.0,Medium,Ukraine,Other,Other,0.3837,,,
TN_OTH_JOR,2026-06-08,0.3007,4.0,Medium,Jordan,Other,Other,0.3331,,,
TN_OTH_SRI,2026-06-08,0.3007,4.0,Medium,Sri Lanka,Other,Other,0.3696,,,
TN_OTH_SPA,2026-06-08,0.3007,4.0,Medium,Spain,Other,Other,0.2526,,,
TN_OTH_TUR,2026-06-08,0.3007,4.0,Medium,Turkey,Other,Other,0.3468,,,
TN_OTH_KUW,2026-06-08,0.3007,4.0,Medium,Kuwait,Other,Other,0.2718,,,
TN_OTH_PAK,2026-06-08,0.3007,4.0,Medium,Pakistan,Other,Other,0.3685,,,
TN_OTH_TAI,2026-06-08,0.3007,4.0,Medium,"Taiwan, Province of China",Other,Other,0.329,,,
TN_OTH_AFG,2026-06-08,0.3007,4.0,Medium,Afghanistan,Other,Other,0.4102,,,
TN_OTH_SWE,2026-06-08,0.3007,4.0,Medium,Sweden,Other,Other,0.1952,,,
TN_OTH_ISL,2026-06-08,0.3007,4.0,Medium,Islamic Republic of Iran,Other,Other,0.3289,,,
TN_OTH_NOR,2026-06-08,0.3007,4.0,Medium,North Macedonia,Other,Other,0.3287,,,
TN_OTH_FIN,2026-06-08,0.3007,4.0,Medium,Finland,Other,Other,0.1836,,,
TN_OTH_IRE,2026-06-08,0.3007,4.0,Medium,Ireland,Other,Other,0.1924,,,
TN_OTH_NEP,2026-06-08,0.3007,4.0,Medium,Nepal,Other,Other,0.3441,,,
TN_OTH_NEW,2026-06-08,0.3007,4.0,Medium,New Caledonia,Other,Other,0.3287,,,
TN_OTH_QAT,2026-06-08,0.3007,4.0,Medium,Qatar,Other,Other,0.2448,,,
TN_OTH_PHI,2026-06-08,0.3007,4.0,Medium,Philippines,Other,Other,0.338,,,
TN_OTH_POL,2026-06-08,0.3007,4.0,Medium,Poland,Other,Other,0.2566,,,
TN_OTH_BAH,2026-06-08,0.3007,4.0,Medium,Bahrain,Other,Other,0.3063,,,
TN_OTH_DEN,2026-06-08,0.3007,4.0,Medium,Denmark,Other,Other,0.1883,,,
TN_OTH_LIT,2026-06-08,0.3007,4.0,Medium,Lithuania,Other,Other,0.242,,,
TN_OTH_BHU,2026-06-08,0.3007,4.0,Medium,Bhutan,Other,Other,0.3095,,,
TN_OTH_BUL,2026-06-08,0.3007,4.0,Medium,Bulgaria,Other,Other,0.273,,,
TN_OTH_CYP,2026-06-08,0.3007,4.0,Medium,Cyprus,Other,Other,0.286,,,
TN_OTH_CZE,2026-06-08,0.3007,4.0,Medium,Czechia,Other,Other,0.3287,,,
TN_OTH_EST,2026-06-08,0.3007,4.0,Medium,Estonia,Other,Other,0.24,,,
TN_OTH_GEO,2026-06-08,0.3007,4.0,Medium,Georgia,Other,Other,0.3232,,,
TN_OTH_GRE,2026-06-08,0.3007,4.0,Medium,Greece,Other,Other,0.2812,,,
TN_OTH_HUN,2026-06-08,0.3007,4.0,Medium,Hungary,Other,Other,0.2655,,,
TN_OTH_IRA,2026-06-08,0.3007,4.0,Medium,Iraq,Other,Other,0.372,,,
TN_OTH_KAZ,2026-06-08,0.3007,4.0,Medium,Kazakhstan,Other,Other,0.295,,,
TN_OTH_LAO,2026-06-08,0.3007,4.0,Medium,Lao People's Democratic Republic,Other,Other,0.3287,,,
TN_OTH_LAT,2026-06-08,0.3007,4.0,Medium,Latvia,Other,Other,0.2517,,,
TN_OTH_PAP,2026-06-08,0.3007,4.0,Medium,Papua New Guinea,Other,Other,0.3387,,,
TN_OTH_POR,2026-06-08,0.3007,4.0,Medium,Portugal,Other,Other,0.2077,,,
TN_OTH_ROM,2026-06-08,0.3007,4.0,Medium,Romania,Other,Other,0.276,,,
TN_OTH_SLO,2026-06-08,0.3007,4.0,Medium,Slovakia,Other,Other,0.3287,,,
TN_OTH_UZB,2026-06-08,0.3007,4.0,Medium,Uzbekistan,Other,Other,0.3105,,,
TN_OTH_ALB,2026-06-08,0.3007,4.0,Medium,Albania,Other,Other,0.2854,,,
TN_OTH_AME,2026-06-08,0.3007,4.0,Medium,American Samoa,Other,Other,0.3287,,,
TN_OTH_AND,2026-06-08,0.3007,4.0,Medium,Andorra,Other,Other,0.3287,,,
TN_OTH_ARM,2026-06-08,0.3007,4.0,Medium,Armenia,Other,Other,0.3122,,,
TN_OTH_AZE,2026-06-08,0.3007,4.0,Medium,Azerbaijan,Other,Other,0.3252,,,
TN_OTH_BOS,2026-06-08,0.3007,4.0,Medium,Bosnia and Herzegovina,Other,Other,0.3242,,,
TN_OTH_BRU,2026-06-08,0.3007,4.0,Medium,Brunei Darussalam,Other,Other,0.2802,,,
TN_OTH_CAM,2026-06-08,0.3007,4.0,Medium,Cambodia,Other,Other,0.3442,,,
TN_OTH_CHR,2026-06-08,0.3007,4.0,Medium,Christmas Island,Other,Other,0.3287,,,
TN_OTH_COC,2026-06-08,0.3007,4.0,Medium,Cocos (Keeling) Islands,Other,Other,0.3287,,,
TN_OTH_COO,2026-06-08,0.3007,4.0,Medium,Cook Islands,Other,Other,0.3287,,,
TN_OTH_CRO,2026-06-08,0.3007,4.0,Medium,Croatia,Other,Other,0.2652,,,
TN_OTH_DEM,2026-06-08,0.3007,4.0,Medium,Democratic People's Republic of Korea,Other,Other,0.3287,,,
TN_OTH_FAR,2026-06-08,0.3007,4.0,Medium,Faroe Islands,Other,Other,0.3287,,,
TN_OTH_FED,2026-06-08,0.3007,4.0,Medium,Federated States of Micronesia,Other,Other,0.3287,,,
TN_OTH_FIJ,2026-06-08,0.3007,4.0,Medium,Fiji,Other,Other,0.3189,,,
TN_OTH_FRE,2026-06-08,0.3007,4.0,Medium,French Polynesia,Other,Other,0.3287,,,
TN_OTH_GIB,2026-06-08,0.3007,4.0,Medium,Gibraltar,Other,Other,0.3287,,,
TN_OTH_GUA,2026-06-08,0.3007,4.0,Medium,Guam,Other,Other,0.3287,,,
TN_OTH_HEA,2026-06-08,0.3007,4.0,Medium,Heard Island and McDonald Islands,Other,Other,0.3287,,,
TN_OTH_HOL,2026-06-08,0.3007,4.0,Medium,Holy See(Vatican City),Other,Other,0.3287,,,
TN_OTH_ICE,2026-06-08,0.3007,4.0,Medium,Iceland,Other,Other,0.1827,,,
TN_OTH_KYR,2026-06-08,0.3007,4.0,Medium,Kyrgyzstan,Other,Other,0.3287,,,
TN_OTH_LEB,2026-06-08,0.3007,4.0,Medium,Lebanon,Other,Other,0.3729,,,
TN_OTH_LIE,2026-06-08,0.3007,4.0,Medium,Liechtenstein,Other,Other,0.3287,,,
TN_OTH_LUX,2026-06-08,0.3007,4.0,Medium,Luxembourg,Other,Other,0.1922,,,
TN_OTH_MAC,2026-06-08,0.3007,4.0,Medium,Macao,Other,Other,0.3287,,,
TN_OTH_MAR,2026-06-08,0.3007,4.0,Medium,Marshall Islands,Other,Other,0.3287,,,
TN_OTH_MON,2026-06-08,0.3007,4.0,Medium,Monaco,Other,Other,0.3287,,,
TN_OTH_NAU,2026-06-08,0.3007,4.0,Medium,Nauru,Other,Other,0.3287,,,
TN_OTH_NET,2026-06-08,0.3007,4.0,Medium,Netherlands Antilles,Other,Other,0.3287,,,
TN_OTH_NIU,2026-06-08,0.3007,4.0,Medium,Niue,Other,Other,0.3287,,,
TN_OTH_PAL,2026-06-08,0.3007,4.0,Medium,Palau,Other,Other,0.3287,,,
TN_OTH_PIT,2026-06-08,0.3007,4.0,Medium,Pitcairn,Other,Other,0.3287,,,
TN_OTH_SAM,2026-06-08,0.3007,4.0,Medium,Samoa,Other,Other,0.3062,,,
TN_OTH_SAN,2026-06-08,0.3007,4.0,Medium,San Marino,Other,Other,0.3287,,,
TN_OTH_SER,2026-06-08,0.3007,4.0,Medium,Serbia and Montenegro,Other,Other,0.3287,,,
TN_OTH_SOL,2026-06-08,0.3007,4.0,Medium,Solomon Islands,Other,Other,0.3424,,,
TN_OTH_STA,2026-06-08,0.3007,4.0,Medium,State of Palestine,Other,Other,0.3287,,,
TN_OTH_SYR,2026-06-08,0.3007,4.0,Medium,Syrian Arab Republic,Other,Other,0.3287,,,
TN_OTH_TAJ,2026-06-08,0.3007,4.0,Medium,Tajikistan,Other,Other,0.3289,,,
TN_OTH_TIM,2026-06-08,0.3007,4.0,Medium,Timor-Leste,Other,Other,0.3372,,,
TN_OTH_TOK,2026-06-08,0.3007,4.0,Medium,Tokelau,Other,Other,0.3287,,,
TN_OTH_TON,2026-06-08,0.3007,4.0,Medium,Tonga,Other,Other,0.3287,,,
TN_OTH_TUV,2026-06-08,0.3007,4.0,Medium,Tuvalu,Other,Other,0.3287,,,
TN_OTH_TÜR,2026-06-08,0.3007,4.0,Medium,Türkiye,Other,Other,0.3287,,,
TN_OTH_VAN,2026-06-08,0.3007,4.0,Medium,Vanuatu,Other,Other,0.3287,,,
TN_OTH_WAL,2026-06-08,0.3007,4.0,Medium,Wallis and Futuna,Other,Other,0.3287,,,
TN_OTH_YEM,2026-06-08,0.3007,4.0,Medium,Yemen,Other,Other,0.4157,,,
TN_PHA_CHI,2026-06-08,0.3007,4.0,Medium,China,Pharma,Pharma,0.3017,,,
TN_PHA_SWI,2026-06-08,0.3007,4.0,Medium,Switzerland,Pharma,Pharma,0.1611,,,
TN_PHA_IND,2026-06-08,0.3007,4.0,Medium,Indonesia,Pharma,Pharma,0.2788,,,
TN_PHA_GER,2026-06-08,0.3007,4.0,Medium,Germany,Pharma,Pharma,0.1763,,,
TN_PHA_BEL,2026-06-08,0.3007,4.0,Medium,Belarus,Pharma,Pharma,0.2828,,,
TN_PHA_KIN,2026-06-08,0.3007,4.0,Medium,Kingdom of the Netherlands,Pharma,Pharma,0.2979,,,
TN_PHA_BAN,2026-06-08,0.3007,4.0,Medium,Bangladesh,Pharma,Pharma,0.3254,,,
TN_PHA_FRA,2026-06-08,0.3007,4.0,Medium,France,Pharma,Pharma,0.1838,,,
TN_PHA_DEN,2026-06-08,0.3007,4.0,Medium,Denmark,Pharma,Pharma,0.1562,,,
TN_PHA_UNI,2026-06-08,0.3007,4.0,Medium,United Kingdom of Great Britain and Northern Ireland,Pharma,Pharma,0.2961,,,
TN_PHA_MYA,2026-06-08,0.3007,4.0,Medium,Myanmar,Pharma,Pharma,0.3611,,,
TN_PHA_ITA,2026-06-08,0.3007,4.0,Medium,Italy,Pharma,Pharma,0.2168,,,
TN_PHA_REP,2026-06-08,0.3007,4.0,Medium,Republic of Korea,Pharma,Pharma,0.2951,,,
TN_PHA_SPA,2026-06-08,0.3007,4.0,Medium,Spain,Pharma,Pharma,0.2179,,,
TN_PHA_AUS,2026-06-08,0.3007,4.0,Medium,Austria,Pharma,Pharma,0.17,,,
TN_PHA_SWE,2026-06-08,0.3007,4.0,Medium,Sweden,Pharma,Pharma,0.1606,,,
TN_PHA_SIN,2026-06-08,0.3007,4.0,Medium,Singapore,Pharma,Pharma,0.1728,,,
TN_PHA_IRE,2026-06-08,0.3007,4.0,Medium,Ireland,Pharma,Pharma,0.1576,,,
TN_PHA_JAP,2026-06-08,0.3007,4.0,Medium,Japan,Pharma,Pharma,0.1849,,,
TN_PHA_VIE,2026-06-08,0.3007,4.0,Medium,Viet Nam,Pharma,Pharma,0.2938,,,
TN_PHA_MAL,2026-06-08,0.3007,4.0,Medium,Maldives,Pharma,Pharma,0.2653,,,
TN_PHA_ISR,2026-06-08,0.3007,4.0,Medium,Israel,Pharma,Pharma,0.2186,,,
TN_PHA_NEP,2026-06-08,0.3007,4.0,Medium,Nepal,Pharma,Pharma,0.3088,,,
TN_PHA_RUS,2026-06-08,0.3007,4.0,Medium,Russian Federation,Pharma,Pharma,0.2936,,,
TN_PHA_TAI,2026-06-08,0.3007,4.0,Medium,"Taiwan, Province of China",Pharma,Pharma,0.2936,,,
TN_PHA_UKR,2026-06-08,0.3007,4.0,Medium,Ukraine,Pharma,Pharma,0.3481,,,
TN_PHA_HON,2026-06-08,0.3007,4.0,Medium,Hong Kong,Pharma,Pharma,0.2583,,,
TN_PHA_NOR,2026-06-08,0.3007,4.0,Medium,North Macedonia,Pharma,Pharma,0.2933,,,
TN_PHA_HUN,2026-06-08,0.3007,4.0,Medium,Hungary,Pharma,Pharma,0.2302,,,
TN_PHA_OMA,2026-06-08,0.3007,4.0,Medium,Oman,Pharma,Pharma,0.2299,,,
TN_PHA_FIN,2026-06-08,0.3007,4.0,Medium,Finland,Pharma,Pharma,0.1482,,,
TN_PHA_GRE,2026-06-08,0.3007,4.0,Medium,Greece,Pharma,Pharma,0.2459,,,
TN_PHA_NEW,2026-06-08,0.3007,4.0,Medium,New Zealand,Pharma,Pharma,0.1499,,,
TN_PHA_TUR,2026-06-08,0.3007,4.0,Medium,Turkey,Pharma,Pharma,0.3112,,,
TN_PHA_SRI,2026-06-08,0.3007,4.0,Medium,Sri Lanka,Pharma,Pharma,0.3339,,,
TN_PHA_BUL,2026-06-08,0.3007,4.0,Medium,Bulgaria,Pharma,Pharma,0.2376,,,
TN_PHA_CZE,2026-06-08,0.3007,4.0,Medium,Czechia,Pharma,Pharma,0.2933,,,
TN_PHA_LAT,2026-06-08,0.3007,4.0,Medium,Latvia,Pharma,Pharma,0.2163,,,
TN_PHA_LIT,2026-06-08,0.3007,4.0,Medium,Lithuania,Pharma,Pharma,0.2066,,,
TN_PHA_PAK,2026-06-08,0.3007,4.0,Medium,Pakistan,Pharma,Pharma,0.3328,,,
TN_PHA_PHI,2026-06-08,0.3007,4.0,Medium,Philippines,Pharma,Pharma,0.3026,,,
TN_PHA_POL,2026-06-08,0.3007,4.0,Medium,Poland,Pharma,Pharma,0.2211,,,
TN_PHA_POR,2026-06-08,0.3007,4.0,Medium,Portugal,Pharma,Pharma,0.1723,,,
TN_PHA_SAU,2026-06-08,0.3007,4.0,Medium,Saudi Arabia,Pharma,Pharma,0.2713,,,
TN_PHA_SLO,2026-06-08,0.3007,4.0,Medium,Slovakia,Pharma,Pharma,0.2933,,,
TN_PHA_THA,2026-06-08,0.3007,4.0,Medium,Thailand,Pharma,Pharma,0.2781,,,
TN_PHA_AFG,2026-06-08,0.3007,4.0,Medium,Afghanistan,Pharma,Pharma,0.3745,,,
TN_PHA_ALB,2026-06-08,0.3007,4.0,Medium,Albania,Pharma,Pharma,0.25,,,
TN_PHA_ARM,2026-06-08,0.3007,4.0,Medium,Armenia,Pharma,Pharma,0.2768,,,
TN_PHA_AZE,2026-06-08,0.3007,4.0,Medium,Azerbaijan,Pharma,Pharma,0.2898,,,
TN_PHA_BAH,2026-06-08,0.3007,4.0,Medium,Bahrain,Pharma,Pharma,0.2708,,,
TN_PHA_BOS,2026-06-08,0.3007,4.0,Medium,Bosnia and Herzegovina,Pharma,Pharma,0.2888,,,
TN_PHA_CAM,2026-06-08,0.3007,4.0,Medium,Cambodia,Pharma,Pharma,0.3088,,,
TN_PHA_CRO,2026-06-08,0.3007,4.0,Medium,Croatia,Pharma,Pharma,0.2298,,,
TN_PHA_CYP,2026-06-08,0.3007,4.0,Medium,Cyprus,Pharma,Pharma,0.2505,,,
TN_PHA_DEM,2026-06-08,0.3007,4.0,Medium,Democratic People's Republic of Korea,Pharma,Pharma,0.2933,,,
TN_PHA_EST,2026-06-08,0.3007,4.0,Medium,Estonia,Pharma,Pharma,0.2046,,,
TN_PHA_FIJ,2026-06-08,0.3007,4.0,Medium,Fiji,Pharma,Pharma,0.2835,,,
TN_PHA_GEO,2026-06-08,0.3007,4.0,Medium,Georgia,Pharma,Pharma,0.2878,,,
TN_PHA_ICE,2026-06-08,0.3007,4.0,Medium,Iceland,Pharma,Pharma,0.1473,,,
TN_PHA_IRA,2026-06-08,0.3007,4.0,Medium,Iraq,Pharma,Pharma,0.3366,,,
TN_PHA_ISL,2026-06-08,0.3007,4.0,Medium,Islamic Republic of Iran,Pharma,Pharma,0.2933,,,
TN_PHA_JOR,2026-06-08,0.3007,4.0,Medium,Jordan,Pharma,Pharma,0.2973,,,
TN_PHA_KAZ,2026-06-08,0.3007,4.0,Medium,Kazakhstan,Pharma,Pharma,0.2595,,,
TN_PHA_KUW,2026-06-08,0.3007,4.0,Medium,Kuwait,Pharma,Pharma,0.2361,,,
TN_PHA_KYR,2026-06-08,0.3007,4.0,Medium,Kyrgyzstan,Pharma,Pharma,0.2933,,,
TN_PHA_LAO,2026-06-08,0.3007,4.0,Medium,Lao People's Democratic Republic,Pharma,Pharma,0.2933,,,
TN_PHA_LEB,2026-06-08,0.3007,4.0,Medium,Lebanon,Pharma,Pharma,0.3375,,,
TN_PHA_LIE,2026-06-08,0.3007,4.0,Medium,Liechtenstein,Pharma,Pharma,0.2933,,,
TN_PHA_LUX,2026-06-08,0.3007,4.0,Medium,Luxembourg,Pharma,Pharma,0.1568,,,
TN_PHA_MAC,2026-06-08,0.3007,4.0,Medium,Macao,Pharma,Pharma,0.2933,,,
TN_PHA_MON,2026-06-08,0.3007,4.0,Medium,Montenegro,Pharma,Pharma,0.253,,,
TN_PHA_NET,2026-06-08,0.3007,4.0,Medium,Netherlands Antilles,Pharma,Pharma,0.2933,,,
TN_PHA_PAP,2026-06-08,0.3007,4.0,Medium,Papua New Guinea,Pharma,Pharma,0.3033,,,
TN_PHA_QAT,2026-06-08,0.3007,4.0,Medium,Qatar,Pharma,Pharma,0.2093,,,
TN_PHA_ROM,2026-06-08,0.3007,4.0,Medium,Romania,Pharma,Pharma,0.2406,,,
TN_PHA_SER,2026-06-08,0.3007,4.0,Medium,Serbia,Pharma,Pharma,0.2778,,,
TN_PHA_STA,2026-06-08,0.3007,4.0,Medium,State of Palestine,Pharma,Pharma,0.2933,,,
TN_PHA_SYR,2026-06-08,0.3007,4.0,Medium,Syrian Arab Republic,Pharma,Pharma,0.2933,,,
TN_PHA_TAJ,2026-06-08,0.3007,4.0,Medium,Tajikistan,Pharma,Pharma,0.2935,,,
TN_PHA_TIM,2026-06-08,0.3007,4.0,Medium,Timor-Leste,Pharma,Pharma,0.3018,,,
TN_PHA_TÜR,2026-06-08,0.3007,4.0,Medium,Türkiye,Pharma,Pharma,0.2933,,,
TN_PHA_UZB,2026-06-08,0.3007,4.0,Medium,Uzbekistan,Pharma,Pharma,0.275,,,
TN_PHA_YEM,2026-06-08,0.3007,4.0,Medium,Yemen,Pharma,Pharma,0.3803,,,
TN_TEX_CHI,2026-06-08,0.3007,4.0,Medium,China,Textiles,Textiles,0.4631,,,
TN_TEX_BAN,2026-06-08,0.3007,4.0,Medium,Bangladesh,Textiles,Textiles,0.3896,,,
TN_TEX_IND,2026-06-08,0.3007,4.0,Medium,Indonesia,Textiles,Textiles,0.3229,,,
TN_TEX_VIE,2026-06-08,0.3007,4.0,Medium,Viet Nam,Textiles,Textiles,0.3396,,,
TN_TEX_AUS,2026-06-08,0.3007,4.0,Medium,Austria,Textiles,Textiles,0.2138,,,
TN_TEX_SPA,2026-06-08,0.3007,4.0,Medium,Spain,Textiles,Textiles,0.2624,,,
TN_TEX_JAP,2026-06-08,0.3007,4.0,Medium,Japan,Textiles,Textiles,0.2298,,,
TN_TEX_THA,2026-06-08,0.3007,4.0,Medium,Thailand,Textiles,Textiles,0.3235,,,
TN_TEX_MAL,2026-06-08,0.3007,4.0,Medium,Maldives,Textiles,Textiles,0.3091,,,
TN_TEX_REP,2026-06-08,0.3007,4.0,Medium,Republic of Korea,Textiles,Textiles,0.3386,,,
TN_TEX_GER,2026-06-08,0.3007,4.0,Medium,Germany,Textiles,Textiles,0.2146,,,
TN_TEX_SRI,2026-06-08,0.3007,4.0,Medium,Sri Lanka,Textiles,Textiles,0.3788,,,
TN_TEX_SIN,2026-06-08,0.3007,4.0,Medium,Singapore,Textiles,Textiles,0.2167,,,
TN_TEX_HON,2026-06-08,0.3007,4.0,Medium,Hong Kong,Textiles,Textiles,0.3029,,,
TN_TEX_NEP,2026-06-08,0.3007,4.0,Medium,Nepal,Textiles,Textiles,0.3534,,,
TN_TEX_PAK,2026-06-08,0.3007,4.0,Medium,Pakistan,Textiles,Textiles,0.3776,,,
TN_TEX_TAI,2026-06-08,0.3007,4.0,Medium,"Taiwan, Province of China",Textiles,Textiles,0.338,,,
TN_TEX_ITA,2026-06-08,0.3007,4.0,Medium,Italy,Textiles,Textiles,0.2591,,,
TN_TEX_KIN,2026-06-08,0.3007,4.0,Medium,Kingdom of the Netherlands,Textiles,Textiles,0.3377,,,
TN_TEX_TUR,2026-06-08,0.3007,4.0,Medium,Turkey,Textiles,Textiles,0.3555,,,
TN_TEX_SWI,2026-06-08,0.3007,4.0,Medium,Switzerland,Textiles,Textiles,0.1968,,,
TN_TEX_MYA,2026-06-08,0.3007,4.0,Medium,Myanmar,Textiles,Textiles,0.4028,,,
TN_TEX_CAM,2026-06-08,0.3007,4.0,Medium,Cambodia,Textiles,Textiles,0.353,,,
TN_TEX_UNI,2026-06-08,0.3007,4.0,Medium,United Kingdom of Great Britain and Northern Ireland,Textiles,Textiles,0.3375,,,
TN_TEX_SAU,2026-06-08,0.3007,4.0,Medium,Saudi Arabia,Textiles,Textiles,0.3154,,,
TN_TEX_GRE,2026-06-08,0.3007,4.0,Medium,Greece,Textiles,Textiles,0.2898,,,
TN_TEX_BEL,2026-06-08,0.3007,4.0,Medium,Belarus,Textiles,Textiles,0.3266,,,
TN_TEX_FRA,2026-06-08,0.3007,4.0,Medium,France,Textiles,Textiles,0.224,,,
TN_TEX_ISR,2026-06-08,0.3007,4.0,Medium,Israel,Textiles,Textiles,0.2622,,,
TN_TEX_UKR,2026-06-08,0.3007,4.0,Medium,Ukraine,Textiles,Textiles,0.3917,,,
TN_TEX_PHI,2026-06-08,0.3007,4.0,Medium,Philippines,Textiles,Textiles,0.3464,,,
TN_TEX_POR,2026-06-08,0.3007,4.0,Medium,Portugal,Textiles,Textiles,0.2161,,,
TN_TEX_ROM,2026-06-08,0.3007,4.0,Medium,Romania,Textiles,Textiles,0.2844,,,
TN_TEX_SLO,2026-06-08,0.3007,4.0,Medium,Slovakia,Textiles,Textiles,0.3371,,,
TN_TEX_TÜR,2026-06-08,0.3007,4.0,Medium,Türkiye,Textiles,Textiles,0.3371,,,
TN_TEX_AFG,2026-06-08,0.3007,4.0,Medium,Afghanistan,Textiles,Textiles,0.4183,,,
TN_TEX_ALB,2026-06-08,0.3007,4.0,Medium,Albania,Textiles,Textiles,0.2938,,,
TN_TEX_ARM,2026-06-08,0.3007,4.0,Medium,Armenia,Textiles,Textiles,0.3206,,,
TN_TEX_AZE,2026-06-08,0.3007,4.0,Medium,Azerbaijan,Textiles,Textiles,0.3336,,,
TN_TEX_BAH,2026-06-08,0.3007,4.0,Medium,Bahrain,Textiles,Textiles,0.3146,,,
TN_TEX_BHU,2026-06-08,0.3007,4.0,Medium,Bhutan,Textiles,Textiles,0.3178,,,
TN_TEX_BOS,2026-06-08,0.3007,4.0,Medium,Bosnia and Herzegovina,Textiles,Textiles,0.3326,,,
TN_TEX_BUL,2026-06-08,0.3007,4.0,Medium,Bulgaria,Textiles,Textiles,0.2814,,,
TN_TEX_CHR,2026-06-08,0.3007,4.0,Medium,Christmas Island,Textiles,Textiles,0.3371,,,
TN_TEX_CRO,2026-06-08,0.3007,4.0,Medium,Croatia,Textiles,Textiles,0.2736,,,
TN_TEX_CYP,2026-06-08,0.3007,4.0,Medium,Cyprus,Textiles,Textiles,0.2943,,,
TN_TEX_CZE,2026-06-08,0.3007,4.0,Medium,Czechia,Textiles,Textiles,0.3371,,,
TN_TEX_DEM,2026-06-08,0.3007,4.0,Medium,Democratic People's Republic of Korea,Textiles,Textiles,0.3371,,,
TN_TEX_DEN,2026-06-08,0.3007,4.0,Medium,Denmark,Textiles,Textiles,0.1966,,,
TN_TEX_EST,2026-06-08,0.3007,4.0,Medium,Estonia,Textiles,Textiles,0.2484,,,
TN_TEX_FIJ,2026-06-08,0.3007,4.0,Medium,Fiji,Textiles,Textiles,0.3273,,,
TN_TEX_FIN,2026-06-08,0.3007,4.0,Medium,Finland,Textiles,Textiles,0.1918,,,
TN_TEX_GEO,2026-06-08,0.3007,4.0,Medium,Georgia,Textiles,Textiles,0.3316,,,
TN_TEX_HUN,2026-06-08,0.3007,4.0,Medium,Hungary,Textiles,Textiles,0.2738,,,
TN_TEX_MON,2026-06-08,0.3007,4.0,Medium,Mongolia,Textiles,Textiles,0.2801,,,
TN_TEX_IRA,2026-06-08,0.3007,4.0,Medium,Iraq,Textiles,Textiles,0.3803,,,
TN_TEX_IRE,2026-06-08,0.3007,4.0,Medium,Ireland,Textiles,Textiles,0.2006,,,
TN_TEX_ISL,2026-06-08,0.3007,4.0,Medium,Islamic Republic of Iran,Textiles,Textiles,0.3371,,,
TN_TEX_JOR,2026-06-08,0.3007,4.0,Medium,Jordan,Textiles,Textiles,0.3411,,,
TN_TEX_KAZ,2026-06-08,0.3007,4.0,Medium,Kazakhstan,Textiles,Textiles,0.3033,,,
TN_TEX_KUW,2026-06-08,0.3007,4.0,Medium,Kuwait,Textiles,Textiles,0.2799,,,
TN_TEX_KYR,2026-06-08,0.3007,4.0,Medium,Kyrgyzstan,Textiles,Textiles,0.3371,,,
TN_TEX_LAO,2026-06-08,0.3007,4.0,Medium,Lao People's Democratic Republic,Textiles,Textiles,0.3371,,,
TN_TEX_LAT,2026-06-08,0.3007,4.0,Medium,Latvia,Textiles,Textiles,0.2601,,,
TN_TEX_LEB,2026-06-08,0.3007,4.0,Medium,Lebanon,Textiles,Textiles,0.3813,,,
TN_TEX_LIE,2026-06-08,0.3007,4.0,Medium,Liechtenstein,Textiles,Textiles,0.3371,,,
TN_TEX_LIT,2026-06-08,0.3007,4.0,Medium,Lithuania,Textiles,Textiles,0.2503,,,
TN_TEX_LUX,2026-06-08,0.3007,4.0,Medium,Luxembourg,Textiles,Textiles,0.2006,,,
TN_TEX_MAC,2026-06-08,0.3007,4.0,Medium,Macao,Textiles,Textiles,0.3371,,,
TN_TEX_MAR,2026-06-08,0.3007,4.0,Medium,Marshall Islands,Textiles,Textiles,0.3371,,,
TN_AGR_SIN,2026-06-08,0.3007,4.0,Medium,Singapore,Agri,Agri,0.2303,,,
TN_TEX_NET,2026-06-08,0.3007,4.0,Medium,Netherlands Antilles,Textiles,Textiles,0.3371,,,
TN_TEX_NEW,2026-06-08,0.3007,4.0,Medium,New Zealand,Textiles,Textiles,0.1936,,,
TN_TEX_NOR,2026-06-08,0.3007,4.0,Medium,Norfolk Island,Textiles,Textiles,0.3371,,,
TN_TEX_OMA,2026-06-08,0.3007,4.0,Medium,Oman,Textiles,Textiles,0.2736,,,
TN_TEX_PAP,2026-06-08,0.3007,4.0,Medium,Papua New Guinea,Textiles,Textiles,0.3471,,,
TN_TEX_PIT,2026-06-08,0.3007,4.0,Medium,Pitcairn,Textiles,Textiles,0.3371,,,
TN_TEX_POL,2026-06-08,0.3007,4.0,Medium,Poland,Textiles,Textiles,0.2648,,,
TN_TEX_QAT,2026-06-08,0.3007,4.0,Medium,Qatar,Textiles,Textiles,0.2531,,,
TN_TEX_RUS,2026-06-08,0.3007,4.0,Medium,Russian Federation,Textiles,Textiles,0.3371,,,
TN_TEX_SAM,2026-06-08,0.3007,4.0,Medium,Samoa,Textiles,Textiles,0.3146,,,
TN_TEX_SER,2026-06-08,0.3007,4.0,Medium,Serbia,Textiles,Textiles,0.3216,,,
TN_TEX_SWE,2026-06-08,0.3007,4.0,Medium,Sweden,Textiles,Textiles,0.2034,,,
TN_TEX_TAJ,2026-06-08,0.3007,4.0,Medium,Tajikistan,Textiles,Textiles,0.3373,,,
TN_TEX_UZB,2026-06-08,0.3007,4.0,Medium,Uzbekistan,Textiles,Textiles,0.3188,,,
TN_AGR_VIE,2026-06-08,0.3007,4.0,Medium,Viet Nam,Agri,Agri,0.3504,,,
